X,Y
0.6317806315152221,0.3895035806799479
0.9654148674264891,0.6166948983721764
0.9654141292818944,0.6166970900842386
0.9654141621099541,0.6166969926112386
0.5375931118066071,0.6903631864555213
0.5351629368381365,0.6965255824946386
0.5375931118066071,0.6903631864555213
0.5351629368381365,0.6965255824946388
0.5182893262661705,0.6133069631364091
0.5116391754145723,0.6016195205083175
0.5182893262661707,0.6133069631364091
0.5116391754145722,0.6016195205083175
0.5182893262661705,0.6133069631364091
0.5116391754145722,0.6016195205083174
0.5182893262661705,0.6133069631364091
0.5116391754145723,0.6016195205083175
0.2721417572228036,0.6044458732628175
0.28630557085773234,0.6011693411075282
0.2721417572228039,0.6044458732628172
0.28630557085773267,0.6011693411075277
0.27214175722280354,0.6044458732628174
0.2863055708577324,0.601169341107528
0.2721417572228037,0.6044458732628175
0.2863055708577326,0.6011693411075278
0.2736727122328604,0.6132449310148923
0.28797887772673936,0.6108246118753492
0.27367271223286066,0.6132449310148923
0.2879788777267394,0.6108246118753493
0.2721417572228038,0.6044458732628173
0.2863055708577322,0.6011693411075282
0.2721417572228039,0.6044458732628173
0.28630557085773206,0.601169341107528
0.2721417572228037,0.6044458732628173
0.2863055708577324,0.6011693411075278
0.27214175722280354,0.6044458732628174
0.2863055708577318,0.6011693411075282
0.9277771582452705,0.4997733593844248
0.9277771581086686,0.49977336045771403
0.27367271223286055,0.6132449310148921
0.2879788777267393,0.6108246118753492
0.27367271223286027,0.6132449310148923
0.28797887772674,0.6108246118753485
0.2765404352794075,0.5692469180571791
0.2822207290766539,0.5706961115143098
0.2765404352794078,0.5692469180571789
0.28222072907665374,0.5706961115143098
0.27367271223286027,0.6132449310148924
0.2879788777267396,0.6108246118753491
0.2736727122328607,0.6132449310148923
0.29795241810202006,0.6139889534129782
0.27214175722280376,0.6044458732628174
0.28630557085773195,0.601169341107528
0.27214175722280404,0.6044458732628172
0.28630557085773195,0.6011693411075282
0.2721417572228038,0.6044458732628174
0.28630557085773206,0.6011693411075282
0.2721417572228039,0.604445873262817
0.28630557085773245,0.6011693411075276
0.272141757222804,0.6044458732628172
0.2863055708577322,0.6011693411075281
0.27214175722280404,0.604445873262817
0.28630557085773195,0.6011693411075281
0.274763814874142,0.5637408434198642
0.279876622880741,0.5652334708002498
0.27476381487414187,0.5637408434198643
0.2798766228807408,0.5652334708002499
0.2721417572228039,0.604445873262817
0.2863055708577322,0.6011693411075282
0.272141757222804,0.6044458732628172
0.2863055708577324,0.6011693411075277
0.9277771586847149,0.4997733559316755
0.9639510845372222,0.6130321072777917
0.9495613491266972,0.611771090430547
0.9599891982389394,0.6108231690222867
0.9562792722031669,0.6219191643895481
0.5375931118066071,0.6903631864555212
0.5351629368381356,0.6965255824946388
0.537593111806607,0.6903631864555212
0.535162936838136,0.6965255824946386
0.5182893262661707,0.6133069631364088
0.511639175414572,0.6016195205083175
0.5182893262661709,0.6133069631364088
0.5116391754145719,0.6016195205083174
0.2721417572228035,0.6044458732628174
0.28630557085773245,0.6011693411075277
0.27214175722280354,0.6044458732628174
0.28630557085773234,0.6011693411075278
0.27476381487414203,0.5637408434198642
0.27987662288074094,0.5652334708002498
0.27476381487414153,0.5637408434198645
0.2798766228807409,0.5652334708002499
0.2721417572228039,0.6044458732628171
0.28630557085773206,0.6011693411075278
0.27214175722280387,0.6044458732628172
0.2863055708577317,0.6011693411075283
0.27476381487414164,0.5637408434198645
0.2798766228807409,0.5652334708002499
0.274763814874141,0.563740843419865
0.2798766228807405,0.5652334708002502
0.9277771589828819,0.4997733535889416
0.9277771585854316,0.49977335671172124
0.9654139651374343,0.6166975774607834
0.965414758556528,0.6166952216326944
0.965414894989152,0.6166948165320323
0.9222644162317579,0.5014525578791591
0.9222644160177919,0.5014525596014935
0.518289326266171,0.6133069631364086
0.511639175414572,0.6016195205083172
0.518289326266171,0.6133069631364086
0.511639175414572,0.6016195205083171
0.290711044399425,0.687713543143116
0.2936475654850011,0.7027085867554984
0.29071104439942497,0.6877135431431162
0.29364756548500126,0.7027085867554984
0.2690460628345791,0.5978635022057811
0.28301781240491414,0.5943079135010249
0.2690460628345792,0.5978635022057809
0.2830178124049146,0.5943079135010245
0.26904606283457927,0.5978635022057808
0.2830178124049134,0.5943079135010249
0.26904606283457927,0.5978635022057808
0.2830178124049142,0.5943079135010246
0.2690460628345792,0.5978635022057809
0.28301781240491364,0.5943079135010249
0.2690460628345792,0.5978635022057808
0.2830178124049135,0.5943079135010249
0.2690460628345792,0.5978635022057809
0.283017812404914,0.5943079135010249
0.26904606283457927,0.5978635022057808
0.28301781240491386,0.5943079135010246
0.2710938452656578,0.5600380838853692
0.27500202008285546,0.5612226347300615
0.27109384526565783,0.5600380838853691
0.2750020200828556,0.5612226347300613
0.9377359096406016,0.3820270359386653
0.9377359000348763,0.38202696268223824
0.8320291583649685,0.4119289829239557
0.8320291583649512,0.41192898292378066
0.8320291583649406,0.41192898292366403
0.8320291583649373,0.4119289829236459
0.832029158364946,0.41192898292371655
0.8320291583649508,0.41192898292377533
0.8320291583649525,0.4119289829237922
0.8320291583649503,0.4119289829237677
0.8320291583649552,0.411928982923809
0.8320291583649435,0.41192898292369645
0.8320291583649508,0.411928982923756
0.8320291583649506,0.4119289829237731
0.832029158364952,0.41192898292376184
0.8320291583649378,0.4119289829236502
0.8320291583649623,0.4119289829238747
0.8320291583649512,0.41192898292377467
0.8252262698737577,0.33692855639665564
0.8215356187405576,0.3345898540061504
0.8215356187396315,0.3345898540008635
0.8215356187414183,0.3345898540110483
0.821535618738826,0.33458985399628355
0.8215356187554422,0.334589854090788
0.8215356187392244,0.3345898539985585
0.2444760074425626,0.4785653454964797
0.2478911428802318,0.47219605500654593
0.24965487532071973,0.4753281189646285
0.24789114288023192,0.47219605500654577
0.24965487532071953,0.4753281189646286
0.2478911428802317,0.472196055006546
0.2496548753207206,0.4753281189646276
0.24789114288023184,0.47219605500654593
0.24965487532072006,0.475328118964628
0.24789114288023179,0.4721960550065459
0.24789114288023179,0.4721960550065459
0.24789114288023179,0.4721960550065459
0.24789114288023179,0.4721960550065459
0.24789114288023179,0.4721960550065459
0.24789114288023179,0.4721960550065459
0.2478911428802314,0.47219605500654604
0.24789114288023179,0.4721960550065459
0.22317818115240717,0.24339803236181703
0.23358025320685072,0.26270305448864306
0.22317818115240692,0.2433980323618169
0.23358025320685072,0.26270305448864306
0.22317818115240703,0.2433980323618171
0.23358025320685033,0.26270305448864323
0.22317818115240637,0.24339803236181692
0.23358025320685072,0.26270305448864306
0.22317818115240645,0.24339803236181698
0.23358025320685055,0.26270305448864323
0.22317818115240665,0.24339803236181656
0.23358025320685064,0.26270305448864306
0.22317818115240606,0.2433980323618167
0.2335802532068509,0.2627030544886433
0.2231781811524062,0.24339803236181667
0.23358025320685058,0.2627030544886431
0.22317818115240673,0.24339803236181662
0.23358025320685094,0.2627030544886431
0.22317818115240615,0.24339803236181698
0.2335802532068508,0.2627030544886434
0.22317818115240615,0.24339803236181679
0.23358025320685075,0.26270305448864334
0.2231781811524062,0.2433980323618169
0.23358025320685086,0.26270305448864323
0.22317818115240645,0.2433980323618167
0.2335802532068508,0.2627030544886434
0.22317818115240662,0.2433980323618171
0.23358025320685086,0.26270305448864323
0.2231781811524068,0.2433980323618167
0.23358025320685077,0.26270305448864323
0.22317818115240598,0.24339803236181662
0.23358025320685077,0.26270305448864323
0.22317818115240698,0.24339803236181679
0.23358025320685075,0.2627030544886433
0.22317818115240676,0.24339803236181698
0.23358025320685086,0.26270305448864323
0.2231781811524066,0.24339803236181648
0.23358025320685086,0.26270305448864323
0.22317818115240615,0.24339803236181662
0.23358025320685072,0.2627030544886432
0.2478911428802312,0.4721960550065463
0.2478911428802311,0.4721960550065464
0.2478911428802312,0.4721960550065463
0.2478911428802311,0.4721960550065464
0.2478911428802311,0.4721960550065464
0.2478911428802311,0.4721960550065464
0.2478911428802313,0.4721960550065463
0.2478911428802313,0.4721960550065463
0.2478911428802312,0.4721960550065463
0.2478911428802313,0.4721960550065463
0.2478911428802312,0.4721960550065463
0.2478911428802313,0.4721960550065463
0.2478911428802311,0.4721960550065464
0.2478911428802311,0.4721960550065464
0.2478911428802311,0.4721960550065464
0.2478911428802312,0.4721960550065463
0.2478911428802312,0.4721960550065463
0.2478911428802311,0.4721960550065464
0.2478911428802312,0.4721960550065463
0.2478911428802311,0.4721960550065464
0.2478911428802312,0.4721960550065463
0.2478911428802313,0.4721960550065463
0.2478911428802313,0.4721960550065463
0.2478911428802311,0.4721960550065464
0.2478911428802313,0.4721960550065463
0.2478911428802311,0.4721960550065464
0.2478911428802311,0.4721960550065464
0.2478911428802312,0.4721960550065463
0.247891142880231,0.4721960550065464
0.24789114288023095,0.4721960550065464
0.247891142880231,0.4721960550065464
0.24789114288023095,0.4721960550065464
0.24789114288023104,0.4721960550065463
0.24789114288023137,0.4721960550065462
0.24789114288023137,0.4721960550065462
0.2478911428802312,0.4721960550065463
0.24789114288023134,0.4721960550065463
0.24789114288023104,0.4721960550065463
0.24789114288023104,0.4721960550065463
0.24789114288023137,0.4721960550065462
0.22317818115240642,0.2433980323618158
0.23358025320684986,0.26270305448864345
0.2231781811524066,0.24339803236181595
0.23358025320684997,0.2627030544886434
0.22317818115240665,0.24339803236181598
0.23358025320685025,0.2627030544886434
0.2231781811524066,0.2433980323618158
0.23358025320684994,0.2627030544886435
0.22317818115240637,0.24339803236181584
0.23358025320684986,0.26270305448864345
0.2231781811524066,0.24339803236181595
0.23358025320684986,0.26270305448864345
0.2231781811524066,0.24339803236181604
0.23358025320684994,0.26270305448864345
0.22317818115240662,0.24339803236181592
0.23358025320684994,0.2627030544886434
0.22317818115240642,0.24339803236181598
0.23358025320684994,0.2627030544886434
0.22317818115240645,0.24339803236181604
0.23358025320685005,0.26270305448864334
0.2231781811524066,0.24339803236181595
0.23358025320685005,0.26270305448864345
0.2231781811524066,0.2433980323618161
0.2335802532068501,0.2627030544886436
0.8252262698737547,0.3369285563966469
0.825226269873754,0.3369285563966437
0.8252262698737608,0.336928556396664
0.8252262698737562,0.3369285563966495
0.8252262698737568,0.3369285563966523
0.8252262698737547,0.33692855639664054
0.8252262698737544,0.3369285563966461
0.8252262698737554,0.3369285563966424
0.8252262698737547,0.3369285563966477
0.8252262698737566,0.3369285563966523
0.8252262698737592,0.33692855639666014
0.8252262698737604,0.33692855639666314
0.825226269873756,0.3369285563966497
0.8252262698737559,0.3369285563966492
0.8252262698737568,0.3369285563966526
0.825226269873754,0.3369285563966438
0.8252262698737525,0.3369285563966352
0.8252262698737609,0.33692855639666647
0.8252262698737598,0.3369285563966614
0.8252262698737508,0.3369285563966295
0.8252262698737605,0.3369285563966642
0.8252262698737559,0.33692855639664937
0.8252262698737547,0.33692855639664393
0.8252262698737609,0.3369285563966675
0.8252262698737566,0.3369285563966518
0.8252262698737607,0.33692855639666647
0.8252262698737599,0.3369285563966617
0.8252262698737584,0.3369285563966589
0.8252262698737894,0.33692855639677405
0.8252262698737544,0.3369285563966464
0.8252262698737518,0.33692855639663327
0.8252262698737549,0.33692855639664065
0.687785347633417,0.12915605036744404
0.6900828043560231,0.154431625780392
0.6877853476334203,0.129156050367446
0.6900828043560231,0.1544316257803919
0.6877853476334183,0.12915605036744485
0.6900828043560231,0.154431625780392
0.687785347633421,0.12915605036744696
0.6900828043560231,0.154431625780392
0.6877853476334174,0.12915605036744446
0.6900828043575676,0.15443162578165595
0.6877853476334176,0.12915605036744465
0.6900828043560231,0.154431625780392
0.6877853476334723,0.12915605036748276
0.6900828043560238,0.15443162578039202
0.68778534763342,0.129156050367446
0.6900828043560255,0.1544316257803934
0.6877853476334174,0.1291560503674446
0.690082804356023,0.15443162578039196
0.6877853476334198,0.12915605036744587
0.6900828043560239,0.15443162578039252
0.6877853476334168,0.129156050367444
0.6900828043560232,0.15443162578039196
0.6877853476334134,0.1291560503674422
0.6900828043560249,0.15443162578039296
0.6877853476334194,0.1291560503674454
0.69008280435603,0.15443162578039685
0.6877853476334166,0.129156050367444
0.6900828043560231,0.15443162578039196
0.6877853476334183,0.12915605036744499
0.6900828043560231,0.154431625780392
0.6877853476334213,0.1291560503674475
0.6900828043560231,0.154431625780392
0.22317818115240645,0.24339803236181612
0.2335802532068501,0.26270305448864406
0.22317818115240662,0.24339803236181592
0.23358025320684994,0.2627030544886438
0.22317818115240678,0.24339803236181612
0.23358025320685,0.262703054488644
0.22317818115240673,0.24339803236181595
0.23358025320685002,0.262703054488644
0.2231781811524068,0.24339803236181598
0.2335802532068501,0.26270305448864395
0.22317818115240673,0.24339803236181595
0.23358025320685,0.262703054488644
0.22317818115240673,0.24339803236181598
0.2335802532068501,0.26270305448864395
0.2231781811524068,0.24339803236181598
0.2335802532068501,0.26270305448864395
0.22317818115240676,0.24339803236181604
0.2335802532068501,0.26270305448864395
0.22317818115240687,0.2433980323618161
0.23358025320685016,0.262703054488644
0.22317818115240676,0.24339803236181604
0.23358025320685002,0.2627030544886439
0.22317818115240676,0.24339803236181592
0.23358025320685016,0.262703054488644
0.9031422690616087,0.4393641984111338
0.8839439347164145,0.4121406777485236
0.9031422690614235,0.43936419842737623
0.8839439346979271,0.4121406773003797
0.9031422690616995,0.43936419840368734
0.8839439346894318,0.4121406770945267
0.9031422690611787,0.43936419844785796
0.8839439347131639,0.4121406776697131
0.7761220907702897,0.2823918051754167
0.7796300922857942,0.29396752271333865
0.77612209077029,0.28239180517541723
0.7796300922857848,0.29396752271331544
0.7761220907702896,0.2823918051754166
0.7796300922857846,0.29396752271331544
0.7761220907702896,0.2823918051754168
0.8170996747571438,0.08355204664799093
0.8440127396801134,0.10861655448438591
0.8170816114457171,0.08353351388371368
1.0,0.20862452927868896
0.4858702577162774,0.21744025440938713
0.4973323446245944,0.18128229459427037
0.48587025771627734,0.21744025440938713
0.4973323446245944,0.18128229459427037
0.5900052864114539,0.5890259555703304
0.5739111930146384,0.3819898038723605
0.5536176836526431,0.33065641424124076
0.7101317072438181,0.28866765480193124
0.38895646123285604,0.29020136209455216
0.3777067796511568,0.3232694893705841
0.38895646123285604,0.2902013620945522
0.3777067796511568,0.3232694893705841
0.38895646123285604,0.29020136209455216
0.37770677965115673,0.32326948937058403
0.3889564612328559,0.29020136209455205
0.1699415482444601,0.7420884908671668
0.5845940392989277,0.416025402086857
0.5788226744244955,0.35049651023073297
0.5845940392989277,0.4160254020868568
0.5788226744245202,0.3504965102307652
0.5845940392989277,0.41602540208685695
0.5788226744248113,0.3504965102311622
0.5845940392989277,0.41602540208685673
0.5424714704136755,0.34908281135666136
0.3736325815606688,0.28863665456820203
0.374642486191661,0.3189372280546428
0.3736325815606688,0.288636654568202
0.374642486191661,0.31893722805464275
0.3736325815606688,0.28863665456820203
0.374642486191661,0.31893722805464275
0.3736325815606688,0.288636654568202
0.792384270591998,0.42545947363625264
0.4378310004339521,0.3992616698539546
0.5039014797049651,0.4798281033872948
0.4378310004339521,0.3992616698539546
0.5039014797050644,0.4798281033861386
0.6264959166798485,0.9141001844373083
0.6264959219383129,0.9141001823374687
0.3972679959184564,0.438740672363746
0.39668576293068225,0.39826706643097554
0.3972679959184564,0.438740672363746
0.3966857629306822,0.3982670664309756
0.3972679959184564,0.4387406723637459
0.39668576293068225,0.3982670664309756
0.3972679959184564,0.4387406723637459
0.3880790737389297,0.3907978799175432
0.43783100043395207,0.3992616698539546
0.5039014797049668,0.4798281033872752
0.43783100043395207,0.3992616698539546
0.5039014797050302,0.47982810338654325
0.43783100043395207,0.3992616698539546
0.503901479705038,0.47982810338644677
0.43783100043395207,0.3992616698539546
0.8872396564965092,0.47617232553915656
0.3562363744357119,0.2535742592718244
0.35340190648661474,0.26327285474705364
0.35623637443571193,0.2535742592718245
0.35340190648661485,0.26327285474705375
0.3562363744357119,0.2535742592718244
0.35340190648661474,0.26327285474705364
0.37118652082163367,0.09141420390276592
0.7660152597665716,0.8332417516896164
0.4832704096542983,0.20292108385430904
0.49208776744763355,0.20425396386567682
0.4832704096542983,0.20292108385430904
0.7563976608329074,0.2343028797917886
0.37879402185362865,0.20437161700101752
0.43396386113155205,0.22024901822665122
0.37879402185362865,0.20437161700101764
0.8666986459018213,0.7022767796925335
0.3972679959184564,0.438740672363746
0.3966857629306822,0.3982670664309756
0.3972679959184564,0.438740672363746
0.3966857629306822,0.3982670664309756
0.39726799591845635,0.438740672363746
0.3966857629306822,0.3982670664309756
0.3972679959184564,0.4387406723637459
0.3880790737389296,0.39079787991754317
0.436942341770894,0.3965686909642328
0.5015827909486926,0.25570975027317683
0.436942341770894,0.3965686909642328
0.5015827909486925,0.2557097502731767
0.436942341770894,0.39656869096423286
0.5015827909486925,0.2557097502731767
0.436942341770894,0.39656869096423286
0.6252847399275692,0.05687485774076807
0.37363258156066875,0.2886366545682019
0.374642486191661,0.31893722805464286
0.3736325815606688,0.28863665456820203
0.374642486191661,0.31893722805464286
0.37363258156066875,0.2886366545682019
0.374642486191661,0.31893722805464286
0.4417322021796568,0.3060827778988018
0.4280157315426453,0.32159237485729303
0.3752224099504747,0.19159253060323156
0.41083823735183894,0.128283908730228
0.3752224099504746,0.19159253060323156
0.41083823735183866,0.128283908730228
0.317542118026183,0.7920608496974734
0.4085471594225935,0.8273131578163876
0.39472361675390677,0.08602698453369469
0.4349950261404285,0.06685689266884692
0.3752224099504747,0.19159253060323153
0.41083823735183883,0.12828390873022807
0.37522240995047457,0.19159253060323156
0.41083823735183883,0.12828390873022794
0.22376564548337793,0.19362438674785074
0.650110669190621,0.2460098153164548
0.22376564548337932,0.19362438674784985
0.7563976608329006,0.23430287979177605
0.5932591697205227,0.4811278090326765
0.5958073595708688,0.5879096627242569
0.5932591697205252,0.48112780903270647
0.5958073595711566,0.5879096627239903
0.5953944122098769,0.7342113090148423
0.5953944128195187,0.7342113086521166
0.9663595878687732,0.6285570365021854
0.4340519666343435,0.6958029920704141
0.42510836582610156,0.6912846034999675
0.4340519666343434,0.695802992070414
0.369737573424526,0.39430061284769874
0.3469439311583117,0.4163200826596939
0.369737573424526,0.39430061284769874
0.3469439311583117,0.41632008265969384
0.35266857790286793,0.29470767676999526
0.28657620052250304,0.24952147758738932
0.352668577902868,0.29470767676999526
0.8713719866445883,0.7700597042466993
0.3258522259332101,0.3146950119113187
0.4199312435323353,0.25055303378247173
0.3258522259332101,0.3146950119113186
0.41993124353233535,0.2505530337824718
0.32585222593321017,0.3146950119113186
0.41993124353233535,0.25055303378247185
0.32585222593321017,0.3146950119113186
0.9369213123578101,0.6649248581623752
0.626495914644997,0.9141001852498726
0.6264959121502384,0.9141001862460895
0.6264959481218334,0.9141001718817404
0.6264959248368077,0.9141001811800277
0.47069976066121383,0.9094832303222851
0.4664771327154846,0.9105617994633172
0.47069976606729114,0.909483229897991
0.9445887997126425,0.7033060081592846
0.4038994456082299,0.6987428695059505
0.5040770909975841,0.7159160612175268
0.40389944560822943,0.6987428695059505
0.5040770909975841,0.7159160612175268
0.3298232714290184,0.3418704528155395
0.41766255510611383,0.25737593215229604
0.3298232714290184,0.34187045281553957
0.41766255510611383,0.257375932152296
0.3298232714290182,0.34187045281553946
0.41766255510611383,0.25737593215229604
0.3298232714290184,0.3418704528155395
0.41766255510611383,0.257375932152296
0.3298232714290184,0.3418704528155395
0.41766255510611383,0.257375932152296
0.3298232714290186,0.3418704528155395
0.4176625551061138,0.257375932152296
0.33017676454143785,0.33924788432486036
0.4297824449663353,0.28642565951712196
0.33017676454143785,0.33924788432486036
0.4297824449663353,0.28642565951712196
0.9031422690612971,0.4393641984381005
0.9031422690620279,0.43936419837547197
0.9031422690634615,0.4393641982525242
0.903142269062572,0.4393641983289903
0.3185735725353706,0.21137807216071527
0.3589560680240804,0.18236965627363114
0.3185735725353707,0.21137807216071539
0.3589560680240804,0.1823696562736312
0.3287373541698057,0.34294074757236676
0.4146638033784353,0.25856259423232764
0.3287373541698058,0.3429407475723668
0.4146638033784352,0.2585625942323275
0.3130140098238419,0.26295842321848945
0.3931852339207412,0.2051827051253036
0.31301400982384187,0.2629584232184894
0.3931852339207412,0.2051827051253036
0.31301400982384187,0.2629584232184894
0.3931852339207412,0.20518270512530362
0.3287373541698058,0.34294074757236676
0.4146638033784354,0.25856259423232764
0.3298232714290184,0.3418704528155395
0.4267791298331731,0.2897318417457753
0.32982327142901846,0.34187045281553946
0.42677912983317323,0.2897318417457754
0.3287373541698058,0.34294074757236703
0.4146638033784354,0.25856259423232764
0.3287373541698057,0.3429407475723669
0.4146638033784354,0.25856259423232764
0.3130140098238419,0.26295842321848945
0.39318523392074123,0.20518270512530373
0.31301400982384203,0.26295842321848945
0.39318523392074123,0.20518270512530373
0.30960839189423206,0.20091285211783141
0.3801313425337407,0.14550984412863122
0.30960839189423206,0.20091285211783147
0.38013134253374076,0.14550984412863122
0.3178288605399938,0.3018639682832066
0.4016893481939737,0.19781026962473353
0.3178288605399938,0.3018639682832068
0.4016893481939737,0.19781026962473353
0.3178288605399937,0.3018639682832068
0.4016893481939738,0.19781026962473353
0.31782886053999376,0.3018639682832067
0.40168934819397395,0.1978102696247335
0.7514601095096881,0.1758303944045161
0.7514601095059,0.1758303943997013
0.7514601095080418,0.1758303944024177
0.6632638554661775,0.02176553154928548
0.32488014417280997,0.283334033377102
0.373546847835222,0.23846953540765778
0.32488014417280997,0.28333403337710206
0.373546847835222,0.23846953540765778
0.3417701157120729,0.803234648105246
0.4231628955474959,0.776406711646342
0.35148450116858193,0.1041919440276018
0.4738518716287805,0.16026493040718248
0.3897681827558267,0.5015090981190777
0.4315671878844828,0.511557687243955
0.3897681827558267,0.5015090981190777
0.43156718788448284,0.511557687243955
0.3748358939169011,0.4697558996423685
0.42022245722681045,0.48439695589127185
0.37483589391690103,0.4697558996423685
0.41725243588999245,0.44364925373229624
0.3748358939169011,0.4697558996423685
0.41725243588999245,0.44364925373229624
0.37483589391690103,0.4697558996423685
0.41725243588999245,0.44364925373229624
0.37483589391690103,0.4697558996423685
0.41725243588999245,0.44364925373229624
0.37483589391690103,0.4697558996423685
0.41725243588999245,0.44364925373229624
0.6480460049079588,0.09296027678873497
0.64804600490778,0.09296027678863596
0.6480460049080509,0.09296027678878468
0.6480462652293917,0.09296042112812758
0.6480460049133937,0.0929602767917483
0.648046004907925,0.0929602767887161
0.5557103232725369,0.035989869848416366
0.667029956124451,0.021513545239121218
0.3591285152261883,0.7191001878443886
0.5462994711237629,0.3218933511911967
0.3591285152261877,0.7191001878443889
0.46728197855784215,0.7782085095110892
0.3868656355573301,0.6983736220185185
0.46994003159799946,0.7032864066251012
0.3868656355573301,0.6983736220185185
0.4699400315979995,0.7032864066251011
0.3868656355573301,0.6983736220185185
0.4699400315979994,0.7032864066251011
0.38686563555732995,0.6983736220185185
0.4699400315979994,0.7032864066251012
0.38686563555732983,0.6983736220185185
0.4699400315979994,0.7032864066251011
0.3868656355573299,0.6983736220185185
0.46994003159799946,0.7032864066251012
0.3741014569354361,0.6073240444276492
0.4643897316563656,0.5519736092309063
0.3741014569354361,0.6073240444276492
0.4643897316562854,0.5519736092310881
0.37410145693543595,0.6073240444276492
0.4643897316563398,0.5519736092309664
0.3741014569354361,0.6073240444276491
0.4643897316562758,0.5519736092311085
0.37410145693543595,0.6073240444276493
0.4643897316562731,0.5519736092311158
0.37410145693543595,0.6073240444276493
0.45179386229631496,0.6199001213035809
0.3868656355573296,0.6983736220185185
0.4699400315979994,0.7032864066251013
0.3868656355573297,0.6983736220185185
0.46994003159799946,0.7032864066251013
0.3868656355573296,0.6983736220185185
0.4699400315979994,0.7032864066251013
0.3868656355573296,0.6983736220185185
0.46994003159799946,0.7032864066251012
0.374101456935436,0.6073240444276493
0.4643897316562815,0.5519736092310972
0.37410145693543617,0.6073240444276491
0.46438973165637065,0.5519736092308947
0.8137760701927943,0.27265151659255
0.7883479327880752,0.22051741498232427
0.8137760701928519,0.27265151659266873
0.7883479327878573,0.22051741498198546
0.8137760701928022,0.2726515165925644
0.7883479327877809,0.22051741498186678
0.8137760701927932,0.27265151659254744
0.7883479327877567,0.22051741498182578
0.48107863569195525,0.2719361021013355
0.41819533258579294,0.29454602854333106
0.32732794013000716,0.3650089203826715
0.41819533258579294,0.2945460285433311
0.32732794013000716,0.36500892038267163
0.41819533258579294,0.2945460285433311
0.32732794013000716,0.3650089203826716
0.41819533258579294,0.2945460285433311
0.3273279401300071,0.36500892038267163
0.4181953325857929,0.2945460285433311
0.32732794013000716,0.3650089203826716
0.4181953325857929,0.2945460285433311
0.32732794013000716,0.36500892038267163
0.4181953325857929,0.2945460285433311
0.31373214007499944,0.30778189991539245
0.4075155872970184,0.23184396304736737
0.31225344130851324,0.3004614590073165
0.4054171668332234,0.2262546013616077
0.3122534413091549,0.3004614590065324
0.4054171668332234,0.22625460136160758
0.3122534413087479,0.3004614590070302
0.4054171668332234,0.22625460136160758
0.3122534413086672,0.3004614590071307
0.4054171668332234,0.22625460136160758
0.32617514402364817,0.25852809286436457
0.43473905886515574,0.1974348138531667
0.19036784632229156,0.3683396533953497
0.4347390588651558,0.1974348138531668
0.31193624411033727,0.34418186645674953
0.414700787633506,0.2705825979626863
0.3122534413088952,0.3004614590068484
0.4054171668332234,0.22625460136160758
0.3122534413091252,0.3004614590065677
0.4054171668332234,0.22625460136160758
0.3122534413090439,0.30046145900666843
0.40541716683322343,0.22625460136160763
0.8671766277447562,0.611733910730728
0.8671766365896714,0.6117338860863613
0.8671766299402113,0.6117339046135851
0.8671766297541811,0.6117339051319195
0.7904828907814034,0.6548294801851182
0.687120987568837,0.49440691705897305
0.687120987568837,0.49440691705897305
0.687120987568837,0.49440691705897305
0.687120987568837,0.49440691705897305
0.687120987568837,0.49440691705897305
0.687120987568837,0.49440691705897305
0.687120987568837,0.49440691705897305
0.687120987568837,0.49440691705897305
0.687120987568837,0.4944069170589731
0.687120987568837,0.49440691705897305
0.687120987568837,0.49440691705897305
0.687120987568837,0.49440691705897305
0.687120987568837,0.49440691705897305
0.795712449089363,0.7248158119567232
0.7872625145516023,0.7021345759135633
0.787262870987663,0.702134043026269
0.7872660327863632,0.7021293159165263
0.687120987568837,0.49440691705897305
0.687120987568837,0.49440691705897305
0.687120987568837,0.49440691705897305
0.687120987568837,0.494406917058973
0.687120987568837,0.49440691705897305
0.687120987568837,0.49440691705897305
0.687120987568837,0.49440691705897305
0.687120987568837,0.49440691705897305
0.687120987568837,0.49440691705897305
0.7536695039543426,0.4336007152939667
0.7437501555904813,0.7461288184883309
0.5520150388386773,0.37987749499545337
0.3974205650213507,0.5581435506443967
0.5520150388386772,0.3798774949954534
0.39742056502135065,0.5581435506443967
0.5520150388386774,0.37987749499545337
0.39742056502135065,0.5581435506443967
0.5520150388386772,0.3798774949954535
0.3974205650213507,0.5581435506443967
0.5520150388386773,0.37987749499545337
0.3974205650213507,0.5581435506443967
0.5520150388386772,0.3798774949954535
0.39742056502135065,0.5581435506443967
0.5520150388386772,0.3798774949954535
0.3974205650213507,0.5581435506443967
0.5520150388386771,0.37987749499545354
0.4532890152398761,0.5499689242598742
0.6690879284554679,0.3720488340897322
0.687120987568837,0.4944069170589732
0.6690879284554679,0.3720488340897322
0.687120987568837,0.49440691705897305
0.669087928455468,0.3720488340897324
0.687120987568837,0.494406917058973
0.6690879284554685,0.3720488340897333
0.687120987568837,0.49440691705897305
0.6690879284554683,0.3720488340897327
0.687120987568837,0.494406917058973
0.6690879284554685,0.37204883408973316
0.6871209875688368,0.494406917058973
0.6690879284554679,0.3720488340897322
0.6871209875688368,0.494406917058973
0.669087928455468,0.37204883408973244
0.6221444310909509,0.4978119178482794
0.5520150388386772,0.3798774949954535
0.3974205650213508,0.5581435506443965
0.5520150388386771,0.37987749499545354
0.3974205650213508,0.5581435506443965
0.5520150388386771,0.3798774949954535
0.3974205650213508,0.5581435506443965
0.5520150388386771,0.37987749499545354
0.3974205650213508,0.5581435506443965
0.5520150388386771,0.37987749499545354
0.3974205650213508,0.5581435506443965
0.5520150388386771,0.37987749499545354
0.3974205650213508,0.5581435506443965
0.5520150388386771,0.37987749499545354
0.3974205650213508,0.5581435506443965
0.552015038838677,0.37987749499545354
0.5239055033751143,0.2936457557626125
0.6044889122558691,0.26393697050975073
0.6044889122558691,0.26393697050975073
0.6044889122558691,0.26393697050975073
0.6044889122558691,0.26393697050975073
0.604488912255869,0.2639369705097508
0.6044889122558691,0.26393697050975073
0.6044889122558691,0.26393697050975073
0.7385764484448348,0.4524752477385506
0.8504628741161521,0.6572240329812995
0.4724869361932171,0.8131507610270651
0.47248594408971456,0.8131509129416795
0.4724859440879672,0.8131509129419477
0.41075071409555947,0.7922175274359637
0.48683262699158086,0.40746612472364224
0.48683262699158075,0.40746612472364235
0.48683262699158086,0.40746612472364224
0.397420565021351,0.5581435506443967
0.47663749737454486,0.5754162248094131
0.47663749737454486,0.5754162248094131
0.47663749737454486,0.5754162248094131
0.47663749737454486,0.5754162248094131
0.47663749737454486,0.5754162248094131
0.47663749737454486,0.5754162248094131
0.47663749737454486,0.5754162248094131
0.47663749737454486,0.5754162248094131
0.47663749737454486,0.5754162248094131
0.47663749737454486,0.5754162248094131
0.47663749737454486,0.5754162248094131
0.47663749737454486,0.5754162248094131
0.47663749737454486,0.5754162248094131
0.47663749737454486,0.5754162248094131
0.7454257014980096,0.4606243536317515
0.7520074111900986,0.6034999480624943
0.48683262699158086,0.40746612472364224
0.48683262699158086,0.40746612472364224
0.48683262699158086,0.40746612472364224
0.48683262699158086,0.40746612472364224
0.48683262699158086,0.40746612472364224
0.48683262699158086,0.40746612472364224
0.48683262699158086,0.40746612472364224
0.397420565021351,0.5581435506443965
0.47663749737454486,0.5754162248094132
0.47663749737454486,0.5754162248094132
0.47663749737454486,0.5754162248094132
0.47663749737454486,0.5754162248094132
0.47663749737454486,0.5754162248094132
0.47663749737454486,0.5754162248094132
0.47663749737454486,0.5754162248094132
0.47663749737454497,0.5754162248094132
0.47663749737454497,0.5754162248094132
0.47663749737454497,0.5754162248094132
0.47663749737454497,0.5754162248094132
0.47663749737454486,0.5754162248094132
0.5520150388386766,0.37987749499545354
0.3974205650213508,0.5581435506443965
0.5520150388386768,0.3798774949954535
0.3974205650213508,0.5581435506443965
0.5520150388386768,0.3798774949954535
0.3974205650213508,0.5581435506443965
0.5520150388386765,0.37987749499545354
0.5239055033751141,0.29364575576261287
0.6044889122558692,0.26393697050975073
0.6044889122558691,0.2639369705097507
0.6044889122558691,0.2639369705097507
0.6044889122558692,0.26393697050975073
0.6044889122558692,0.26393697050975073
0.6044889122558692,0.2639369705097507
0.6044889122558692,0.2639369705097507
0.8916031504336664,0.5654945691182209
0.6044889122558692,0.26393697050975073
0.6044889122558691,0.2639369705097507
0.6044889122558692,0.2639369705097506
0.6044889122558692,0.26393697050975073
0.6044889122558692,0.2639369705097507
0.8916027511116377,0.5654960550778058
0.7749908859397295,0.7350935121355847
0.48683262699158086,0.40746612472364235
0.48683262699158086,0.40746612472364235
0.48683262699158086,0.40746612472364235
0.48683262699158086,0.40746612472364235
0.48683262699158086,0.40746612472364224
0.48683262699158086,0.40746612472364224
0.48683262699158086,0.40746612472364224
0.48683262699158086,0.40746612472364224
0.48683262699158086,0.40746612472364224
0.48683262699158086,0.40746612472364224
0.48683262699158086,0.40746612472364224
0.48683262699158086,0.40746612472364224
0.48683262699158086,0.40746612472364224
0.7509385798784413,0.7388763370669327
0.2736727122328634,0.6132449310148909
0.2736727122328634,0.6132449310148909
0.27367271223286344,0.6132449310148907
0.2736727122328634,0.6132449310148909
0.27367271223286344,0.6132449310148907
0.2736727122328634,0.6132449310148909
0.2736727122328632,0.6132449310148911
0.2736727122328632,0.6132449310148911
0.2474899598994429,0.32195348868280715
0.24766055161639292,0.3767811932622946
0.24748995989944333,0.32195348868280765
0.24766055161639292,0.37678119326229476
0.247489959899443,0.3219534886828072
0.24766055161639294,0.37678119326229476
0.2474899598994433,0.3219534886828075
0.24766055161639286,0.3767811932622946
0.24965487532072064,0.4753281189646277
0.2496548753207198,0.475328118964628
0.24965487532072092,0.4753281189646273
0.24965487532071973,0.47532811896462807
0.2496548753207211,0.47532811896462746
0.24965487532072028,0.47532811896462795
0.2496548753207209,0.47532811896462734
0.24965487532072178,0.475328118964627
0.24611301711166642,0.36915603565443933
0.24611301711166642,0.36915603565443933
0.24611301711166642,0.36915603565443933
0.24611301711166642,0.36915603565443933
0.24611301711166642,0.36915603565443933
0.24611301711166642,0.36915603565443933
0.24611301711166633,0.36915603565443944
0.24611301711166633,0.36915603565443944
0.21862162836503762,0.21175812031860494
0.2186216283650376,0.21175812031860491
0.2186216283650376,0.21175812031860491
0.2186216283650376,0.21175812031860491
0.2186216283650376,0.21175812031860491
0.2186216283650376,0.21175812031860491
0.21862162836503762,0.21175812031860494
0.2186216283650376,0.21175812031860491
0.24379547767885956,0.35154018000292103
0.21880921983317386,0.3468745941054486
0.2437954776788597,0.351540180002921
0.21880921983317383,0.3468745941054487
0.2437954776788596,0.35154018000292087
0.21880921983317397,0.3468745941054484
0.2437954776788596,0.351540180002921
0.21880921983317378,0.3468745941054487
0.2736727122328638,0.6132449310148907
0.2736727122328638,0.6132449310148907
0.27367271223286377,0.6132449310148906
0.27367271223286377,0.6132449310148906
0.721347796419757,0.18992879493971257
0.7213477964197569,0.18992879493971251
0.7213477964197561,0.18992879493971151
0.7213477964197585,0.18992879493971412
0.5210680716951713,0.2104323203625225
0.5641164171111753,0.0990229223961012
0.5878667338983747,0.08134555498552
0.5641164171111753,0.0990229223961012
0.5878667338983731,0.08134555498551925
0.5641164171111754,0.0990229223961012
0.5878667338983727,0.08134555498551906
0.5641164171111754,0.0990229223961012
0.7116592725298835,0.17583549067595058
0.7116592725298833,0.17583549067595017
0.7116592725298833,0.17583549067595017
0.7116592725298835,0.17583549067595042
0.21880921983317364,0.3468745941054482
0.2188092198331738,0.3468745941054482
0.21880921983317392,0.3468745941054483
0.2188092198331736,0.346874594105448
0.23970495658293384,0.33698743244357726
0.23970495658293384,0.33698743244357726
0.23970495658293386,0.33698743244357726
0.23970495658293386,0.33698743244357726
0.23970495658293386,0.33698743244357726
0.23970495658293386,0.33698743244357726
0.2397049565829338,0.33698743244357726
0.2397049565829338,0.33698743244357726
0.2959465326705017,0.5696335774031216
0.26359145692441843,0.5940402694298353
0.2959465326705017,0.5696335774031216
0.2635914569244185,0.5940402694298353
0.24965487532072123,0.4753281189646272
0.2715856192443521,0.43568969189281964
0.24965487532072012,0.4753281189646283
0.2715856192443518,0.43568969189281936
0.24965487532071992,0.4753281189646283
0.2715856192443518,0.4356896918928193
0.24965487532072123,0.4753281189646274
0.2715856192443519,0.4356896918928191
0.2188092198331738,0.3468745941054483
0.21880921983317375,0.3468745941054481
0.21880921983317386,0.346874594105448
0.2188092198331737,0.3468745941054483
0.27367271223286294,0.6132449310148913
0.27367271223286305,0.6132449310148912
0.27367271223286305,0.6132449310148912
0.27367271223286305,0.6132449310148912
0.27367271223286305,0.6132449310148912
0.27367271223286305,0.6132449310148912
0.27367271223286305,0.6132449310148912
0.27367271223286305,0.6132449310148912
0.27367271223286305,0.6132449310148912
0.27367271223286305,0.6132449310148912
0.27367271223286305,0.6132449310148912
0.27367271223286305,0.6132449310148912
0.23970495658293384,0.33698743244357754
0.23970495658293384,0.33698743244357754
0.23970495658293384,0.33698743244357754
0.23970495658293384,0.33698743244357754
0.23970495658293384,0.33698743244357754
0.23970495658293384,0.33698743244357754
0.23970495658293384,0.33698743244357754
0.23970495658293384,0.33698743244357754
0.24789114288022937,0.47219605500654727
0.2714167226523234,0.43467626140873633
0.2478911428802294,0.47219605500654727
0.2714167226523232,0.4346762614087364
0.24789114288022937,0.47219605500654727
0.2714167226523232,0.4346762614087366
0.24789114288022923,0.4721960550065475
0.27141672265232336,0.43467626140873655
0.5873618590032227,0.24694283970710318
0.2188092198331735,0.34687459410544774
0.2188092198331734,0.3468745941054479
0.24960333684350802,0.25304136566262353
0.2188092198331734,0.3468745941054479
0.21880921983317345,0.34687459410544774
0.71200602266154,0.17691442020595602
0.5545170134804185,0.13738942834945417
0.6031982982465666,0.0
0.6208193547279353,0.019670253507675158
0.5995922666973452,0.0008220272026581058
0.1857816365900007,0.10134924984949244
0.06453256296780598,0.3253774996457666
0.06453273166948337,0.32537700911001727
0.06453560275417544,0.3253686610751676
0.21418449138664428,0.11209499120274062
0.27020921008893845,0.49402669463577953
0.23390428149000186,0.18239872103381835
0.2702092100889378,0.4940266946357801
0.23390428149000267,0.1823987210338179
0.27020921008893845,0.4940266946357796
0.23390428149000328,0.1823987210338176
0.27020921008893783,0.49402669463577975
0.23510780609256443,0.1824190289233594
0.29959765469493954,0.5775178368256658
0.2986364215878233,0.48184032127067516
0.29959765469493965,0.5775178368256657
0.29863642158782433,0.4818403212706747
0.29959765469493965,0.5775178368256657
0.2986364215878238,0.481840321270675
0.2618266483797943,0.5291236604955564
0.2618266483797942,0.5291236604955565
0.26182664837979386,0.5291236604955566
0.26182664837979386,0.5291236604955566
0.2618266483797942,0.5291236604955565
0.261826648379794,0.5291236604955566
0.2618266483797937,0.5291236604955567
0.16294031371139361,0.4842319724551234
0.2618266483797944,0.5291236604955563
0.26182664837979436,0.5291236604955563
0.2618266483797947,0.5291236604955559
0.2618266483797947,0.5291236604955559
0.2618266483797944,0.5291236604955563
0.2618266483797939,0.5291236604955566
0.26182664837979436,0.5291236604955563
0.15746650341383459,0.4277673398988266
0.2618266483797937,0.5291236604955566
0.2618266483797948,0.5291236604955558
0.261826648379794,0.5291236604955565
0.2618266483797948,0.5291236604955558
0.26182664837979364,0.5291236604955567
0.261826648379794,0.5291236604955565
0.2527880711076193,0.48474131619185595
0.1574665034138347,0.42776733989882665
0.26182664837979475,0.529123660495556
0.2618266483797945,0.5291236604955561
0.261826648379794,0.5291236604955565
0.2618266483797947,0.5291236604955559
0.2618266483797948,0.5291236604955559
0.26182664837979464,0.5291236604955561
0.2618266483797939,0.5291236604955565
0.1574665034138347,0.4277673398988267
0.261826648379794,0.5291236604955565
0.2618266483797944,0.5291236604955563
0.2618266483797948,0.529123660495556
0.2618266483797948,0.529123660495556
0.261826648379794,0.5291236604955565
0.2618266483797948,0.529123660495556
0.2618266483797944,0.5291236604955563
0.1574665034138347,0.42776733989882676
0.26182664837979447,0.5291236604955561
0.26182664837979447,0.5291236604955561
0.2618266483797944,0.5291236604955563
0.26182664837979447,0.5291236604955561
0.26182664837979475,0.529123660495556
0.26182664837979447,0.5291236604955561
0.2618266483797944,0.5291236604955563
0.1574665034138348,0.4277673398988269
0.2618266483797943,0.5291236604955563
0.26182664837979497,0.5291236604955558
0.26182664837979497,0.5291236604955558
0.2618266483797944,0.5291236604955563
0.2618266483797944,0.5291236604955563
0.26182664837979497,0.5291236604955558
0.2657319639684372,0.4994986451864469
0.15746650341383475,0.427767339898827
0.26182664837979436,0.5291236604955563
0.26182664837979436,0.5291236604955563
0.26182664837979436,0.5291236604955563
0.26182664837979436,0.5291236604955563
0.2618266483797943,0.5291236604955563
0.2618266483797947,0.5291236604955561
0.2618266483797942,0.5291236604955563
0.1574665034138347,0.4277673398988271
0.2618266483797944,0.5291236604955563
0.2618266483797944,0.5291236604955563
0.2618266483797941,0.5291236604955565
0.2618266483797944,0.5291236604955563
0.2618266483797947,0.5291236604955561
0.2618266483797944,0.5291236604955563
0.2618266483797947,0.5291236604955561
0.1574665034138348,0.4277673398988271
0.2527880711076325,0.4847413161918499
0.18943883103650813,0.45285227430279085
0.25278807110762325,0.48474131619185423
0.18943883103650813,0.45285227430279085
0.25278807110764484,0.4847413161918453
0.18943883103650802,0.452852274302791
0.2527880711076284,0.48474131619185157
0.14691868632478702,0.43076126588913316
0.2618266483797947,0.5291236604955561
0.2618266483797947,0.5291236604955561
0.2618266483797947,0.5291236604955561
0.2618266483797947,0.5291236604955561
0.2618266483797948,0.529123660495556
0.2618266483797947,0.5291236604955561
0.2618266483797947,0.5291236604955561
0.1574665034138348,0.4277673398988273
0.1116913405431112,0.4193192768008824
0.1116913405430714,0.4193192768011298
0.11169134054310807,0.41931927680090386
0.11193250208969317,0.39135014646627725
0.11169134054284505,0.41931927680259445
0.11193250208982922,0.3913501464656943
0.11169134054305944,0.419319276801208
0.11193250208983131,0.3913501464656854
0.2618266483797945,0.5291236604955563
0.26182664837979447,0.5291236604955563
0.26182664837979447,0.5291236604955563
0.26182664837979447,0.5291236604955563
0.2618266483797945,0.5291236604955563
0.26182664837979447,0.5291236604955563
0.26182664837979447,0.5291236604955563
0.26182664837979447,0.5291236604955563
0.2618266483797945,0.5291236604955561
0.2618266483797945,0.5291236604955561
0.2618266483797945,0.5291236604955561
0.16294031371139395,0.48423197245512495
0.26182664837979436,0.5291236604955564
0.2618266483797945,0.5291236604955563
0.2618266483797945,0.5291236604955563
0.2618266483797945,0.5291236604955563
0.22615429238105222,0.4783285476551409
0.20126877307775645,0.4782925653790632
0.22615429238105222,0.4783285476551409
0.1469186863247872,0.4307612658891339
0.26182664837979447,0.5291236604955563
0.26182664837979447,0.5291236604955563
0.26182664837979447,0.5291236604955563
0.26182664837979447,0.5291236604955563
0.26182664837979447,0.5291236604955563
0.26182664837979447,0.5291236604955563
0.26182664837979447,0.5291236604955563
0.26182664837979447,0.5291236604955563
0.2618266483797943,0.5291236604955565
0.1398643774136343,0.7409285493555547
0.14022737766285984,0.7412785800060347
0.0682997740105434,0.6403456754372777
0.26182664837979425,0.5291236604955565
0.26182664837979425,0.5291236604955565
0.2618266483797942,0.5291236604955565
0.162940313711394,0.48423197245512734
0.16294031371139395,0.4842319724551256
0.1629403137113939,0.48423197245512734
0.26182664837979436,0.5291236604955565
0.25278807110757884,0.4847413161918741
0.2618266483797943,0.5291236604955565
0.2618266483797943,0.5291236604955565
0.14004902322048454,0.7411067071098282
0.06837959296797516,0.6404972317543659
0.14020083158483612,0.7412530119752245
0.14014391979345125,0.7411981812871645
0.14022142040199995,0.741272842636618
0.1047396096114105,0.5564305085937482
0.26182664837979425,0.5291236604955565
0.26182664837979425,0.5291236604955565
0.25278807110761475,0.48474131619185834
0.25278807110761625,0.48474131619185706
0.2618266483797942,0.5291236604955566
0.2618266483797942,0.5291236604955566
0.2618266483797942,0.5291236604955566
0.162940313711394,0.4842319724551255
0.26182664837979425,0.5291236604955565
0.26182664837979425,0.5291236604955565
0.26182664837979425,0.5291236604955565
0.16294031371139406,0.48423197245512645
0.5824802109131361,0.5076010764859462
0.5824802109131362,0.5076010764859463
0.5824802109131362,0.5076010764859464
0.5824802109131362,0.5076010764859464
0.5824802109131362,0.5076010764859467
0.5824802109131361,0.5076010764859462
0.5824802109131361,0.5076010764859462
0.5824802109131362,0.5076010764859464
0.5736685861104223,0.5066013883850656
0.5736685861104228,0.5066013883850657
0.5736685861104228,0.5066013883850657
0.5736685861104226,0.5066013883850655
0.5736685861104223,0.5066013883850656
0.5736685861104223,0.5066013883850656
0.5736685861104227,0.5066013883850657
0.5736685861104226,0.5066013883850652
0.6264959241848257,0.9141001814403772
0.6265502236606981,0.9140784945510059
0.6264959242878995,0.914100181399221
0.6264959403752404,0.9141001749751467
0.6033684294905436,0.822398063661676
0.6033683984395353,0.8223980771228571
0.6033684243228391,0.8223980659019761
0.6033684195747365,0.8223980679603625
0.5810646179375707,0.5491223043685046
0.5600437043711257,0.47518965061720314
0.5810646179375707,0.5491223043685046
0.5600437043711257,0.47518965061720314
0.5810646179375707,0.5491223043685046
0.5600437043711257,0.4751896506172033
0.5692253299062631,0.5412352345959721
0.49660797443350113,0.5414991133513005
0.5805325295050808,0.5453833382136323
0.5587777252152515,0.4770146589451079
0.5805325295052779,0.5453833382135139
0.5601703243154519,0.4494793523093913
0.5805325295052784,0.5453833382135134
0.5587777252152513,0.47701465894510786
0.5805325295051662,0.5453833382135814
0.5601703243154518,0.4494793523093914
0.5810646179375707,0.5491223043685046
0.5600437043711259,0.4751896506172034
0.5810646179375707,0.5491223043685046
0.5600437043711259,0.4751896506172034
0.5810646179375707,0.5491223043685046
0.5600437043711259,0.4751896506172034
0.5810646179375706,0.5491223043685045
0.5600437043711258,0.4751896506172033
0.5810646179375707,0.5491223043685044
0.5600437043711259,0.4751896506172034
0.5810646179375707,0.5491223043685046
0.5600437043711259,0.4751896506172034
0.5810646179375707,0.5491223043685044
0.5600437043711259,0.4751896506172034
0.5810646179375707,0.5491223043685045
0.560043704371126,0.4751896506172034
0.5805325295052778,0.5453833382135135
0.5587777252152516,0.4770146589451079
0.5805325295050769,0.5453833382136348
0.5587777252152516,0.4770146589451078
0.5805325295049769,0.5453833382136939
0.5587777252152516,0.47701465894510786
0.5805325295052765,0.5453833382135147
0.5601703243154519,0.44947935230939123
0.5810646179375706,0.5491223043685044
0.5600437043711259,0.4751896506172034
0.5810646179375706,0.5491223043685045
0.560043704371126,0.4751896506172034
0.5810646179375707,0.5491223043685046
0.560043704371126,0.4751896506172034
0.5810646179375707,0.5491223043685046
0.560043704371126,0.47518965061720353
0.5810646179375707,0.5491223043685046
0.5600437043711259,0.4751896506172036
0.5810646179375706,0.5491223043685045
0.560043704371126,0.4751896506172034
0.5810646179375706,0.5491223043685045
0.560043704371126,0.4751896506172034
0.5810646179375706,0.5491223043685045
0.5671906871492961,0.5404563833536643
0.5810646179375707,0.5491223043685045
0.5544025387098243,0.42885162389706327
0.5810646179375707,0.5491223043685046
0.5544025387098244,0.4288516238970632
0.5810646179375706,0.5491223043685045
0.5544025387098244,0.42885162389706327
0.5810646179375706,0.5491223043685045
0.5544025387098244,0.4288516238970632
0.5810646179375706,0.5491223043685045
0.5544025387098244,0.42885162389706327
0.5810646179375706,0.5491223043685045
0.5509608621372688,0.42695610285069807
0.5810646179375706,0.5491223043685044
0.5509608621372688,0.4269561028506981
0.5810646179375706,0.5491223043685046
0.5509608621372687,0.42695610285069807
0.5810646179375706,0.5491223043685044
0.5509608621372688,0.42695610285069807
0.5810646179375706,0.5491223043685044
0.5509608621372688,0.42695610285069807
0.5810646179375706,0.5491223043685046
0.5509608621372688,0.42695610285069807
0.5810646179375706,0.5491223043685045
0.5509608621372687,0.42695610285069807
0.5810646179375706,0.5491223043685045
0.5509608621372687,0.4269561028506981
0.5810646179375706,0.5491223043685045
0.5509608621372687,0.42695610285069807
0.5810646179375706,0.5491223043685046
0.5810646179375706,0.5491223043685046
0.5810646179375706,0.5491223043685046
0.5600437043711263,0.47518965061720364
0.5810646179375706,0.5491223043685045
0.5810646179375706,0.5491223043685045
0.5810646179375706,0.5491223043685045
0.49660797443350063,0.5414991133512997
0.5523021482032591,0.4428664867758521
0.5722354699229971,0.475007794805419
0.5523021482032592,0.44286648677585216
0.5722354699229972,0.475007794805419
0.5523021482032591,0.44286648677585216
0.5722354699229971,0.47500779480541894
0.5523021482032591,0.44286648677585216
0.5722354699229971,0.47500779480541905
0.5691145361973403,0.443818734069857
0.5728530453124493,0.47407285454872594
0.5528671170358552,0.4418358413621467
0.5728530453124494,0.47407285454872594
0.5691145361973403,0.44381873406985695
0.5728530453124493,0.47407285454872605
0.5528671170358553,0.44183584136214665
0.5728530453124493,0.47407285454872605
0.5810646179375706,0.5491223043685045
0.5692253299062627,0.5412352345959712
0.5810646179375706,0.5491223043685046
0.5692253299062626,0.5412352345959717
0.5810646179375706,0.5491223043685045
0.5692253299062626,0.5412352345959713
0.5810646179375706,0.5491223043685046
0.5692253299062628,0.5412352345959712
0.5810646179375706,0.5491223043685045
0.5810646179375706,0.5491223043685045
0.5810646179375706,0.5491223043685045
0.5810646179375706,0.5491223043685045
0.5810646179375706,0.5491223043685045
0.5810646179375706,0.5491223043685045
0.5810646179375706,0.5491223043685045
0.5692253299062627,0.5412352345959712
0.5687667036337449,0.49101713564716887
0.5730478814344669,0.5212974785890457
0.5928014076540022,0.5008114910094925
0.5730478814344669,0.5212974785890457
0.5687667036337448,0.49101713564716887
0.5730478814344669,0.5212974785890458
0.5928014076539913,0.5008114910092918
0.5730478814344669,0.5212974785890458
0.5947739356615404,0.6467941273045572
0.6185095718465716,0.6535574955726275
0.5947739356615402,0.6467941273045574
0.6185095718465767,0.6535574955726227
0.5947739356615395,0.646794127304558
0.6185095718465564,0.6535574955726424
0.5947739356615437,0.646794127304555
0.6185095718465571,0.653557495572642
0.6079731505936493,0.7652214354834693
0.6675393809587935,0.7553657418941251
0.6079820080340179,0.7652162364063266
0.6675392629008864,0.7553658450322672
0.6079735927851173,0.765221175939651
0.6675392676742632,0.7553658408621354
0.6079734723088648,0.7652212466531707
0.6681857897385713,0.7547996411660532
0.571997318533802,0.4900974252233212
0.5685324759729191,0.3660929597669817
0.571997318533802,0.4900974252233212
0.5685324759606268,0.3660929597484245
0.571997318533802,0.4900974252233212
0.5685324759773178,0.36609295977362083
0.571997318533802,0.4900974252233212
0.568532475963422,0.3660929597526435
0.571997318533802,0.49009742522332117
0.568532475965419,0.36609295975565914
0.5815281024212914,0.490857745800125
0.5527956155455502,0.36129994684162886
0.5815281024212914,0.490857745800125
0.5527956155455502,0.36129994684162886
0.5815281024212914,0.490857745800125
0.5557572592937517,0.3546518958648042
0.5810646179375707,0.5491223043685046
0.5600437043711265,0.47518965061720375
0.5810646179375707,0.5491223043685046
0.5600437043711265,0.47518965061720375
0.5810646179375707,0.5491223043685046
0.5600437043711266,0.47518965061720386
0.5810646179375707,0.5491223043685045
0.5600437043711266,0.47518965061720375
0.571997318533802,0.49009742522332117
0.571192919447271,0.35683883712588216
0.571997318533802,0.49009742522332117
0.571192919502046,0.3568388372002309
0.571997318533802,0.49009742522332117
0.5711929194849437,0.3568388371770173
0.571997318533802,0.49009742522332117
0.5711929194475587,0.3568388371262729
0.6079929436194488,0.7652098168991974
0.6354029810645466,0.7909175718686816
0.6080033951226995,0.7652036809268504
0.6354030592288641,0.7909175243081457
0.6079736235493677,0.7652211578825543
0.6354030049361877,0.790917557343541
0.6079863934381892,0.7652136621280138
0.6593663511085609,0.6104294431777813
0.733502628884719,0.4814172988470648
0.40080054091422457,0.27103476402794513
0.785662781789096,0.5919474537900956
0.5180488870491518,0.3529073788957515
0.5110577432074924,0.3278067808403222
0.489862303803627,0.07936650186161162
0.46011239665285825,0.3385034063926834
0.3294348857103947,0.6384981242061253
0.7973911004197859,0.22984382206545137
0.6252825179497005,0.4390830101466882
0.5598070723238848,0.28495028330235156
0.38785787538758365,0.6601045252116349
0.3637668373932055,0.723659842345472
0.2592985227446548,0.20159459610412314
0.5669200793376151,0.3206632129965693
0.5404630838022296,0.34659818913821283
0.5337027511222657,0.22915679613206297
0.39169021942468124,0.261430039160557
0.5688111256443759,0.30424232243469707
0.6569026687989262,0.32937239794527734
0.2589425164191822,0.5956815437510012
0.5223318488519366,0.6223309216532158
0.5278733821880711,0.4834153720620582
0.2690460628345816,0.5978635022057803
0.19646467334112488,0.38814097526942876
0.3889672215551999,0.6001233476537872
0.5142650169017886,0.6428296286408995
0.5319762113577192,0.6308682629977493
0.817721448023175,0.6279191933610684
0.2948277293320881,0.5656113711395009
0.2924685210675202,0.5314684819984253
0.727783034836773,0.42588525309052694
0.2635914569244167,0.5940402694298365
0.46290686309093504,0.6264953470613059
0.46053717363325625,0.5485044104872583
0.26904606283458166,0.5978635022057803
0.4046467286146009,0.6055698748247421
0.4084014381417437,0.42311173734974794
0.6629445117897139,0.3951157338294356
0.2721417572228031,0.6044458732628182
0.2952797158150089,0.5608287266769583
0.2758482247480178,0.5923823655857824
0.4329988525875045,0.6006080387361005
0.41468854240483133,0.49916832971522257
0.41379729259744585,0.4974863250595834
0.2613200360086351,0.7778955154021794
0.4475535853648116,0.5287988170638864
0.28652695836586595,0.6151313218848804
0.3188239518446072,0.606261090847216
0.1340820106207927,0.20168787468484053
0.13420876505846036,0.2015295608630753
0.5475894438826636,0.7091510928028262
0.5797123036145072,0.6883538962866195
0.598237356258498,0.7148223096444873
0.6116090141277242,0.7178127276077855
0.5578929078017721,0.6685669091942793
0.6081631478374919,0.7267853686446527
0.5070248786015743,0.7050074109108181
0.49842022551272963,0.6391205739723931
0.3582578804825314,0.5433289281377315
0.3582578804825314,0.5433289281377315
0.18282578910173986,0.38719064643296475
0.18282578910173986,0.38719064643296486
0.7180263009302288,0.5875285518638246
0.7180263009306143,0.5875285518629081
0.5545718858979963,0.6494109159641329
0.5545718858979963,0.6494109159641329
0.6196301283969956,0.6905199584838553
0.5977421082221602,0.6631258414729008
0.596296471190076,0.6511633885492025
0.5962964710422235,0.6511633886568916
0.6412836829121871,0.6067115607430068
0.641283682912187,0.6067115607430067
0.5911532080017505,0.3773704589753038
0.6240664635565797,0.6838688866256476
0.601292474287353,0.6864230316844623
0.601292474287469,0.6864230316843766
0.5044460906380183,0.6502271563187861
0.5806859775908142,0.625487785002759
0.8059099008620043,0.5436789765757775
0.805909900861907,0.5436789765762085
0.5934480814209389,0.674112821795034
0.5938140323320149,0.6807586262179953
0.5876531863577104,0.6374930198018447
0.5876531863577104,0.6374930198018447
0.6358235661645069,0.7579326667240508
0.63582136186042,0.7579342670934338
0.2690460628345816,0.5978635022057802
0.26904606283458155,0.5978635022057802
0.40258923488875414,0.6454924929994615
0.4011376513565932,0.6478246933568103
0.7134748737158777,0.5641244617517788
0.6587203189771641,0.5057722568114456
0.5427664232014899,0.2660107329322571
0.5087883464246706,0.14013302064694733
0.5079239842988877,0.10104678930374117
0.5079239842836072,0.10104678929712088
0.6892508694330025,0.2813208850392396
0.6892508699094697,0.28132088583343406
0.25283502435954447,0.6048892975969599
0.25283502434629296,0.6048892975766046
0.3388710093904657,0.45593527202677164
0.34332076396682265,0.49683417308527184
0.27972683583462354,0.4397644804725689
0.2797268358346234,0.4397644804725691
