0.79154265,0.18198505
0.73865825,0.58715713
0.73865825,0.58715713
0.73865825,0.58715713
0.73865825,0.58715713
0.73865825,0.58715713
0.73865825,0.58715713
0.73865825,0.58715713
0.73865825,0.58715713
0.73865825,0.58715713
0.73865825,0.58715713
0.73865825,0.58715713
0.73865825,0.58715713
0.73865825,0.58715713
0.73865825,0.58715713
0.73865825,0.58715713
0.73865825,0.58715713
0.8385299,0.34629697
0.7563863,0.43604752
0.8121884,0.34058166
0.7563863,0.43604752
0.8121884,0.34058166
0.7563863,0.43604752
0.8121884,0.34058166
0.3879974,0.51182073
0.2561,0.49209747
0.27120835,0.51954126
0.2561,0.49209747
0.27120835,0.51954126
0.2561,0.49209747
0.27120835,0.51954126
0.2561,0.49209747
0.27120835,0.51954126
0.2561,0.49209747
0.2561,0.49209747
0.2561,0.49209747
0.2561,0.49209747
0.2561,0.49209747
0.2561,0.49209747
0.2561,0.49209747
0.2561,0.49209747
0.24230108,0.2817273
0.24534395,0.28162017
0.24230108,0.2817273
0.24534395,0.28162017
0.24230108,0.2817273
0.24534395,0.28162017
0.24230108,0.2817273
0.24534395,0.28162017
0.24230108,0.2817273
0.24534395,0.28162017
0.24230108,0.2817273
0.24534395,0.28162017
0.24230108,0.2817273
0.24534395,0.28162017
0.24230108,0.2817273
0.24534395,0.28162017
0.24230108,0.2817273
0.24534395,0.28162017
0.24230108,0.2817273
0.24534395,0.28162017
0.24230108,0.2817273
0.24534395,0.28162017
0.24230108,0.2817273
0.24534395,0.28162017
0.24230108,0.2817273
0.24534395,0.28162017
0.24230108,0.2817273
0.24534395,0.28162017
0.24230108,0.2817273
0.24534395,0.28162017
0.24230108,0.2817273
0.24534395,0.28162017
0.24230108,0.2817273
0.24534395,0.28162017
0.24230108,0.2817273
0.24534395,0.28162017
0.24230108,0.2817273
0.24534395,0.28162017
0.24230108,0.2817273
0.24534395,0.28162017
0.2561,0.49209747
0.2561,0.49209747
0.2561,0.49209747
0.2561,0.49209747
0.2561,0.49209747
0.2561,0.49209747
0.2561,0.49209747
0.2561,0.49209747
0.2561,0.49209747
0.2561,0.49209747
0.2561,0.49209747
0.2561,0.49209747
0.2561,0.49209747
0.2561,0.49209747
0.2561,0.49209747
0.2561,0.49209747
0.2561,0.49209747
0.2561,0.49209747
0.2561,0.49209747
0.2561,0.49209747
0.2561,0.49209747
0.2561,0.49209747
0.2561,0.49209747
0.2561,0.49209747
0.2561,0.49209747
0.2561,0.49209747
0.2561,0.49209747
0.2561,0.49209747
0.2561,0.49209747
0.2561,0.49209747
0.2561,0.49209747
0.2561,0.49209747
0.2561,0.49209747
0.2561,0.49209747
0.2561,0.49209747
0.2561,0.49209747
0.2561,0.49209747
0.2561,0.49209747
0.2561,0.49209747
0.2561,0.49209747
0.24230108,0.2817273
0.24534395,0.28162017
0.24230108,0.2817273
0.24534395,0.28162017
0.24230108,0.2817273
0.24534395,0.28162017
0.24230108,0.2817273
0.24534395,0.28162017
0.24230108,0.2817273
0.24534395,0.28162017
0.24230108,0.2817273
0.24534395,0.28162017
0.24230108,0.2817273
0.24534395,0.28162017
0.24230108,0.2817273
0.24534395,0.28162017
0.24230108,0.2817273
0.24534395,0.28162017
0.24230108,0.2817273
0.24534395,0.28162017
0.24230108,0.2817273
0.24534395,0.28162017
0.24230108,0.2817273
0.24534395,0.28162017
0.8385299,0.34629697
0.8385299,0.34629697
0.8385299,0.34629697
0.8385299,0.34629697
0.8385299,0.34629697
0.8385299,0.34629697
0.8385299,0.34629697
0.8385299,0.34629697
0.8385299,0.34629697
0.8385299,0.34629697
0.8385299,0.34629697
0.8385299,0.34629697
0.8385299,0.34629697
0.8385299,0.34629697
0.8385299,0.34629697
0.8385299,0.34629697
0.8385299,0.34629697
0.8385299,0.34629697
0.8385299,0.34629697
0.8385299,0.34629697
0.8385299,0.34629697
0.8385299,0.34629697
0.8385299,0.34629697
0.8385299,0.34629697
0.8385299,0.34629697
0.8385299,0.34629697
0.8385299,0.34629697
0.8385299,0.34629697
0.8385299,0.34629697
0.8385299,0.34629697
0.8385299,0.34629697
0.8385299,0.34629697
0.6895818,0.15177369
0.69437593,0.170629
0.6895818,0.15177369
0.69437593,0.170629
0.6895818,0.15177369
0.69437593,0.170629
0.6895818,0.15177369
0.69437593,0.170629
0.6895818,0.15177369
0.69437593,0.170629
0.6895818,0.15177369
0.69437593,0.170629
0.6895818,0.15177369
0.69437593,0.170629
0.6895818,0.15177369
0.69437593,0.170629
0.6895818,0.15177369
0.69437593,0.170629
0.6895818,0.15177369
0.69437593,0.170629
0.6895818,0.15177369
0.69437593,0.170629
0.6895818,0.15177369
0.69437593,0.170629
0.6895818,0.15177369
0.69437593,0.170629
0.6895818,0.15177369
0.69437593,0.170629
0.6895818,0.15177369
0.69437593,0.170629
0.6895818,0.15177369
0.69437593,0.170629
0.24230108,0.2817273
0.24534395,0.28162017
0.24230108,0.2817273
0.24534395,0.28162017
0.24230108,0.2817273
0.24534395,0.28162017
0.24230108,0.2817273
0.24534395,0.28162017
0.24230108,0.2817273
0.24534395,0.28162017
0.24230108,0.2817273
0.24534395,0.28162017
0.24230108,0.2817273
0.24534395,0.28162017
0.24230108,0.2817273
0.24534395,0.28162017
0.24230108,0.2817273
0.24534395,0.28162017
0.24230108,0.2817273
0.24534395,0.28162017
0.24230108,0.2817273
0.24534395,0.28162017
0.24230108,0.2817273
0.24534395,0.28162017
0.8581288,0.473759
0.9740804,0.41849983
0.8581288,0.473759
0.9740804,0.41849983
0.8581288,0.473759
0.9740804,0.41849983
0.8581288,0.473759
0.9740804,0.41849983
0.75011945,0.27871716
0.7591367,0.2984896
0.75011945,0.27871716
0.7591367,0.2984896
0.75011945,0.27871716
0.7591367,0.2984896
0.75011945,0.27871716
0.7450064,0.14199954
0.82359844,0.18659893
0.7450064,0.14199954
0.98030883,0.25337207
0.45881635,0.35422248
0.49213874,0.32290655
0.45881635,0.35422248
0.49213874,0.32290655
0.6637302,0.5246176
0.58002365,0.36905894
0.64625174,0.30729514
0.68975127,0.39689958
0.3698451,0.29588726
0.36360052,0.35137504
0.3698451,0.29588726
0.36360052,0.35137504
0.3698451,0.29588726
0.36360052,0.35137504
0.3698451,0.29588726
0.10261464,0.63198626
0.5433167,0.48547438
0.52406824,0.4391766
0.5433167,0.48547438
0.52406824,0.4391766
0.5433167,0.48547438
0.52406824,0.4391766
0.5433167,0.48547438
0.51266927,0.470843
0.40151238,0.32764173
0.40923744,0.37266237
0.40151238,0.32764173
0.40923744,0.37266237
0.40151238,0.32764173
0.40923744,0.37266237
0.40151238,0.32764173
0.7576742,0.4786703
0.45378625,0.43593964
0.52311754,0.509054
0.45378625,0.43593964
0.52311754,0.509054
0.73865825,0.58715713
0.73865825,0.58715713
0.39681017,0.48888034
0.4040532,0.42194787
0.39681017,0.48888034
0.4040532,0.42194787
0.39681017,0.48888034
0.4040532,0.42194787
0.39681017,0.48888034
0.43341762,0.4636925
0.45378625,0.43593964
0.52311754,0.509054
0.45378625,0.43593964
0.52311754,0.509054
0.45378625,0.43593964
0.52311754,0.509054
0.45378625,0.43593964
0.5892259,0.49753326
0.32702583,0.34364513
0.32800215,0.29660505
0.32702583,0.34364513
0.32800215,0.29660505
0.32702583,0.34364513
0.32800215,0.29660505
0.39128143,0.10514538
0.80242676,0.8199407
0.43328643,0.18705454
0.55159277,0.23169468
0.43328643,0.18705454
0.8383414,0.29108316
0.4308542,0.16692293
0.4359011,0.24863341
0.4308542,0.16692293
0.562101,0.77461064
0.39681017,0.48888034
0.4040532,0.42194787
0.39681017,0.48888034
0.4040532,0.42194787
0.39681017,0.48888034
0.4040532,0.42194787
0.39681017,0.48888034
0.43341762,0.4636925
0.43959445,0.45867807
0.48243356,0.26305678
0.43959445,0.45867807
0.48243356,0.26305678
0.43959445,0.45867807
0.48243356,0.26305678
0.43959445,0.45867807
0.8725372,0.13311847
0.40151238,0.32764173
0.40923744,0.37266237
0.40151238,0.32764173
0.40923744,0.37266237
0.40151238,0.32764173
0.40923744,0.37266237
0.48621237,0.3755116
0.46071917,0.33135065
0.3939346,0.19355762
0.4335702,0.17619726
0.3939346,0.19355762
0.4335702,0.17619726
0.397299,0.11883801
0.4836678,0.08684499
0.397299,0.11883801
0.4836678,0.08684499
0.3939346,0.19355762
0.4335702,0.17619726
0.3939346,0.19355762
0.4335702,0.17619726
0.32327795,0.21110065
0.5614878,0.4877145
0.32327795,0.21110065
0.8383414,0.29108316
0.5871786,0.49279505
0.59922093,0.59206283
0.5871786,0.49279505
0.59922093,0.59206283
0.75061554,0.70398295
0.75061554,0.70398295
0.9732618,0.61516917
0.4231155,0.5678709
0.32169577,0.39457124
0.4231155,0.5678709
0.38729042,0.39527655
0.387146,0.43117213
0.38729042,0.39527655
0.387146,0.43117213
0.34547776,0.29838553
0.32568833,0.2998581
0.34547776,0.29838553
1.3968055,0.59435207
0.33256942,0.35711512
0.49662322,0.28654966
0.33256942,0.35711512
0.49662322,0.28654966
0.33256942,0.35711512
0.49662322,0.28654966
0.33256942,0.35711512
0.94790107,0.6672052
0.73865825,0.58715713
0.73865825,0.58715713
0.73865825,0.58715713
0.73865825,0.58715713
0.4939844,0.9316918
0.47131866,0.057312265
0.4939844,0.9316918
0.96924275,0.7050045
0.3664141,0.52886266
0.4102115,0.59155935
0.3664141,0.52886266
0.4102115,0.59155935
0.3092353,0.33185095
0.39096332,0.27660713
0.3092353,0.33185095
0.39096332,0.27660713
0.3092353,0.33185095
0.39096332,0.27660713
0.3092353,0.33185095
0.39096332,0.27660713
0.3092353,0.33185095
0.39096332,0.27660713
0.3092353,0.33185095
0.39096332,0.27660713
0.31946418,0.30430374
0.43244082,0.25790915
0.31946418,0.30430374
0.43244082,0.25790915
0.8581288,0.473759
0.8581288,0.473759
0.8581288,0.473759
0.8581288,0.473759
0.34514368,0.26297665
0.36211565,0.21503901
0.34514368,0.26297665
0.36211565,0.21503901
0.36153945,0.37067556
0.38967472,0.34048963
0.36153945,0.37067556
0.38967472,0.34048963
0.33282194,0.32638073
0.4804777,0.26424205
0.33282194,0.32638073
0.4804777,0.26424205
0.33282194,0.32638073
0.4804777,0.26424205
0.36153945,0.37067556
0.38967472,0.34048963
0.3593702,0.3833557
0.39019436,0.32034847
0.3593702,0.3833557
0.39019436,0.32034847
0.36153945,0.37067556
0.40590066,0.33115464
0.36153945,0.37067556
0.40590066,0.33115464
0.33282194,0.32638073
0.45752317,0.2807686
0.33282194,0.32638073
0.45752317,0.2807686
0.34627196,0.278238
0.42609978,0.21690795
0.34627196,0.278238
0.42609978,0.21690795
0.3529911,0.35217336
0.39594698,0.2532931
0.3529911,0.35217336
0.39594698,0.2532931
0.3529911,0.35217336
0.39594698,0.2532931
0.3529911,0.35217336
0.39594698,0.2532931
0.7412288,0.20839803
0.7412288,0.20839803
0.7412288,0.20839803
0.6511089,0.060860857
0.3248316,0.30193973
0.3562766,0.26670748
0.3248316,0.30193973
0.3562766,0.26670748
0.42754716,0.08960675
0.40307295,0.1792808
0.42754716,0.08960675
0.40307295,0.1792808
0.5379556,0.4579527
0.50255126,0.5302631
0.5379556,0.4579527
0.50255126,0.5302631
0.35107493,0.51156855
0.41528976,0.4191828
0.35107493,0.51156855
0.41021252,0.4432789
0.3817905,0.5258384
0.41021252,0.4432789
0.3817905,0.5258384
0.41021252,0.4432789
0.3817905,0.5258384
0.41021252,0.4432789
0.3817905,0.5258384
0.41021252,0.4432789
0.6196877,0.10933876
0.6196877,0.10933876
0.6196877,0.10933876
0.6196877,0.10933876
0.6196877,0.10933876
0.6196877,0.10933876
0.6805609,0.085924484
0.64725226,0.07500292
0.37730756,0.7336769
0.4507072,0.7138099
0.37730756,0.7336769
0.3243501,0.69613403
0.37241867,0.69753104
0.46084398,0.73128426
0.37241867,0.69753104
0.46084398,0.73128426
0.37241867,0.69753104
0.46084398,0.73128426
0.37241867,0.69753104
0.46084398,0.73128426
0.37241867,0.69753104
0.46084398,0.73128426
0.37241867,0.69753104
0.46084398,0.73128426
0.35877046,0.6301025
0.4338951,0.62465805
0.35877046,0.6301025
0.4338951,0.62465805
0.35877046,0.6301025
0.4338951,0.62465805
0.35877046,0.6301025
0.4338951,0.62465805
0.35877046,0.6301025
0.4338951,0.62465805
0.35877046,0.6301025
0.34304157,0.5953878
0.37241867,0.69753104
0.46084398,0.73128426
0.37241867,0.69753104
0.46084398,0.73128426
0.37241867,0.69753104
0.46084398,0.73128426
0.37241867,0.69753104
0.46084398,0.73128426
0.35877046,0.6301025
0.4338951,0.62465805
0.35877046,0.6301025
0.4338951,0.62465805
0.7040534,0.22681238
0.7465776,0.23748562
0.7040534,0.22681238
0.7465776,0.23748562
0.7040534,0.22681238
0.7465776,0.23748562
0.7040534,0.22681238
0.7465776,0.23748562
0.5207395,0.32124084
0.4581986,0.35393065
0.39662802,0.41208163
0.4581986,0.35393065
0.39662802,0.41208163
0.4581986,0.35393065
0.39662802,0.41208163
0.4581986,0.35393065
0.39662802,0.41208163
0.4581986,0.35393065
0.39662802,0.41208163
0.4581986,0.35393065
0.39662802,0.41208163
0.4581986,0.35393065
0.30192298,0.30423933
0.37439883,0.21862838
0.29987934,0.36441714
0.40468085,0.25448343
0.29987934,0.36441714
0.40468085,0.25448343
0.29987934,0.36441714
0.40468085,0.25448343
0.29987934,0.36441714
0.40468085,0.25448343
0.24251917,0.45475304
0.3931042,0.45305336
0.24251917,0.45475304
0.3931042,0.45305336
0.41199237,0.38128337
0.4002006,0.36579192
0.29987934,0.36441714
0.40468085,0.25448343
0.29987934,0.36441714
0.40468085,0.25448343
0.29987934,0.36441714
0.40468085,0.25448343
0.8651284,0.6091706
0.8651284,0.6091706
0.8651284,0.6091706
0.8651284,0.6091706
0.8578873,0.5809084
0.6831732,0.49782604
0.6831732,0.49782604
0.6831732,0.49782604
0.6831732,0.49782604
0.6831732,0.49782604
0.6831732,0.49782604
0.6831732,0.49782604
0.6831732,0.49782604
0.6831732,0.49782604
0.6831732,0.49782604
0.6831732,0.49782604
0.6831732,0.49782604
0.6831732,0.49782604
0.6273214,0.60956866
0.816911,0.7030337
0.816911,0.7030337
0.816911,0.7030337
0.6831732,0.49782604
0.6831732,0.49782604
0.6831732,0.49782604
0.6831732,0.49782604
0.6831732,0.49782604
0.6831732,0.49782604
0.6831732,0.49782604
0.6831732,0.49782604
0.6831732,0.49782604
0.7707607,0.4415715
0.76759475,0.73029155
0.5548535,0.42012244
0.39455557,0.57185745
0.5548535,0.42012244
0.39455557,0.57185745
0.5548535,0.42012244
0.39455557,0.57185745
0.5548535,0.42012244
0.39455557,0.57185745
0.5548535,0.42012244
0.39455557,0.57185745
0.5548535,0.42012244
0.39455557,0.57185745
0.5548535,0.42012244
0.39455557,0.57185745
0.5548535,0.42012244
0.43409616,0.5457132
0.637918,0.4135972
0.6831732,0.49782604
0.637918,0.4135972
0.6831732,0.49782604
0.637918,0.4135972
0.6831732,0.49782604
0.637918,0.4135972
0.6831732,0.49782604
0.637918,0.4135972
0.6831732,0.49782604
0.637918,0.4135972
0.6831732,0.49782604
0.637918,0.4135972
0.6831732,0.49782604
0.637918,0.4135972
0.6216818,0.51380134
0.5548535,0.42012244
0.39455557,0.57185745
0.5548535,0.42012244
0.39455557,0.57185745
0.5548535,0.42012244
0.39455557,0.57185745
0.5548535,0.42012244
0.39455557,0.57185745
0.5548535,0.42012244
0.39455557,0.57185745
0.5548535,0.42012244
0.39455557,0.57185745
0.5548535,0.42012244
0.39455557,0.57185745
0.5548535,0.42012244
0.41473526,0.2884742
0.6073218,0.30059594
0.6073218,0.30059594
0.6073218,0.30059594
0.6073218,0.30059594
0.6073218,0.30059594
0.6073218,0.30059594
0.6073218,0.30059594
0.83332837,0.5125232
0.8809416,0.63142973
0.48642534,0.85752976
0.48642534,0.85752976
0.48642534,0.85752976
0.46766025,0.8645318
0.48601598,0.4173707
0.48601598,0.4173707
0.48601598,0.4173707
0.39455557,0.57185745
0.4708454,0.57797086
0.4708454,0.57797086
0.4708454,0.57797086
0.4708454,0.57797086
0.4708454,0.57797086
0.4708454,0.57797086
0.4708454,0.57797086
0.4708454,0.57797086
0.4708454,0.57797086
0.4708454,0.57797086
0.4708454,0.57797086
0.4708454,0.57797086
0.4708454,0.57797086
0.4708454,0.57797086
0.6065503,0.2575926
0.7532825,0.62135565
0.48601598,0.4173707
0.48601598,0.4173707
0.48601598,0.4173707
0.48601598,0.4173707
0.48601598,0.4173707
0.48601598,0.4173707
0.48601598,0.4173707
0.39455557,0.57185745
0.4708454,0.57797086
0.4708454,0.57797086
0.4708454,0.57797086
0.4708454,0.57797086
0.4708454,0.57797086
0.4708454,0.57797086
0.4708454,0.57797086
0.4708454,0.57797086
0.4708454,0.57797086
0.4708454,0.57797086
0.4708454,0.57797086
0.4708454,0.57797086
0.5548535,0.42012244
0.39455557,0.57185745
0.5548535,0.42012244
0.39455557,0.57185745
0.5548535,0.42012244
0.39455557,0.57185745
0.5548535,0.42012244
0.41473526,0.2884742
0.6073218,0.30059594
0.6073218,0.30059594
0.6073218,0.30059594
0.6073218,0.30059594
0.6073218,0.30059594
0.6073218,0.30059594
0.6073218,0.30059594
0.8350502,0.55088544
0.6073218,0.30059594
0.6073218,0.30059594
0.6073218,0.30059594
0.6073218,0.30059594
0.6073218,0.30059594
0.8350502,0.55088544
0.55234474,0.8983426
0.48601598,0.4173707
0.48601598,0.4173707
0.48601598,0.4173707
0.48601598,0.4173707
0.48601598,0.4173707
0.48601598,0.4173707
0.48601598,0.4173707
0.48601598,0.4173707
0.48601598,0.4173707
0.48601598,0.4173707
0.48601598,0.4173707
0.48601598,0.4173707
0.48601598,0.4173707
0.80991435,0.7630586
0.28370744,0.6286199
0.28370744,0.6286199
0.28370744,0.6286199
0.28370744,0.6286199
0.28370744,0.6286199
0.28370744,0.6286199
0.28370744,0.6286199
0.28370744,0.6286199
0.29508844,0.3792176
0.2850831,0.37786007
0.29508844,0.3792176
0.2850831,0.37786007
0.29508844,0.3792176
0.2850831,0.37786007
0.29508844,0.3792176
0.2850831,0.37786007
0.29716778,0.503389
0.26989183,0.51378375
0.29716778,0.503389
0.26989183,0.51378375
0.29716778,0.503389
0.26989183,0.51378375
0.29716778,0.503389
0.26989183,0.51378375
0.23532233,0.3763114
0.2354427,0.368531
0.23532233,0.3763114
0.2354427,0.368531
0.23532233,0.3763114
0.2354427,0.368531
0.23532233,0.3763114
0.2354427,0.368531
0.24042746,0.2729642
0.21324873,0.32023
0.24042746,0.2729642
0.21324873,0.32023
0.24042746,0.2729642
0.21324873,0.32023
0.24042746,0.2729642
0.21324873,0.32023
0.24633992,0.3907324
0.23570353,0.38513434
0.24633992,0.3907324
0.23570353,0.38513434
0.24633992,0.3907324
0.23570353,0.38513434
0.24633992,0.3907324
0.23570353,0.38513434
0.28370744,0.6286199
0.28370744,0.6286199
0.28370744,0.6286199
0.28370744,0.6286199
0.69428813,0.21442194
0.69428813,0.21442194
0.69428813,0.21442194
0.69428813,0.21442194
0.47252572,0.25928915
0.58055055,0.120316274
0.60382086,0.11084055
0.58055055,0.120316274
0.60382086,0.11084055
0.58055055,0.120316274
0.60382086,0.11084055
0.58055055,0.120316274
0.6906875,0.18168488
0.6906875,0.18168488
0.6906875,0.18168488
0.6906875,0.18168488
0.24258587,0.38908887
0.23570353,0.38513434
0.24258587,0.38908887
0.23570353,0.38513434
0.23008904,0.3505603
0.23008904,0.3505603
0.23008904,0.3505603
0.23008904,0.3505603
0.23008904,0.3505603
0.23008904,0.3505603
0.23008904,0.3505603
0.23008904,0.3505603
0.333969,0.5620456
0.28883833,0.640257
0.333969,0.5620456
0.28883833,0.640257
0.27995187,0.52011704
0.27262005,0.48657963
0.27995187,0.52011704
0.27262005,0.48657963
0.27995187,0.52011704
0.27262005,0.48657963
0.27995187,0.52011704
0.27262005,0.48657963
0.24258587,0.38908887
0.23570353,0.38513434
0.24258587,0.38908887
0.23570353,0.38513434
0.28370744,0.6286199
0.28370744,0.6286199
0.28370744,0.6286199
0.28370744,0.6286199
0.28370744,0.6286199
0.28370744,0.6286199
0.28370744,0.6286199
0.28370744,0.6286199
0.28370744,0.6286199
0.28370744,0.6286199
0.28370744,0.6286199
0.28370744,0.6286199
0.23008904,0.3505603
0.23008904,0.3505603
0.23008904,0.3505603
0.23008904,0.3505603
0.23008904,0.3505603
0.23008904,0.3505603
0.23008904,0.3505603
0.23008904,0.3505603
0.2561,0.49209747
0.23875451,0.4840773
0.2561,0.49209747
0.23875451,0.4840773
0.2561,0.49209747
0.23875451,0.4840773
0.2561,0.49209747
0.23875451,0.4840773
0.5647455,0.27516776
0.24258411,0.35669523
0.23570353,0.38513434
0.27441558,0.28993356
0.24258587,0.38908887
0.23570353,0.38513434
0.61258143,0.2432205
0.51446974,0.38881743
0.6119106,0.015491903
0.62703514,0.053725913
0.6251624,0.016984269
0.5190689,-0.014743924
0.08091493,0.34925437
0.08632353,0.36554098
0.08091493,0.34925437
-0.01709842,0.27459416
0.260626,0.57830906
0.29280517,0.24663018
0.260626,0.57830906
0.29280517,0.24663018
0.260626,0.57830906
0.29280517,0.24663018
0.260626,0.57830906
0.32075125,0.2191495
0.40416092,0.5837804
0.27676308,0.510764
0.40416092,0.5837804
0.27676308,0.510764
0.40416092,0.5837804
0.27676308,0.510764
0.26828596,0.5590496
0.26828596,0.5590496
0.26828596,0.5590496
0.26828596,0.5590496
0.26828596,0.5590496
0.26828596,0.5590496
0.26828596,0.5590496
0.16334641,0.52156484
0.26828596,0.5590496
0.26828596,0.5590496
0.26828596,0.5590496
0.26828596,0.5590496
0.26828596,0.5590496
0.26828596,0.5590496
0.26828596,0.5590496
0.1713174,0.48999158
0.26828596,0.5590496
0.26828596,0.5590496
0.26828596,0.5590496
0.26828596,0.5590496
0.26828596,0.5590496
0.26828596,0.5590496
0.27691418,0.49722
0.1713174,0.48999158
0.26828596,0.5590496
0.26828596,0.5590496
0.26828596,0.5590496
0.26828596,0.5590496
0.26828596,0.5590496
0.26828596,0.5590496
0.26828596,0.5590496
0.1713174,0.48999158
0.26828596,0.5590496
0.26828596,0.5590496
0.26828596,0.5590496
0.26828596,0.5590496
0.26828596,0.5590496
0.26828596,0.5590496
0.26828596,0.5590496
0.1713174,0.48999158
0.26828596,0.5590496
0.26828596,0.5590496
0.26828596,0.5590496
0.26828596,0.5590496
0.26828596,0.5590496
0.26828596,0.5590496
0.26828596,0.5590496
0.1713174,0.48999158
0.26828596,0.5590496
0.26828596,0.5590496
0.26828596,0.5590496
0.26828596,0.5590496
0.26828596,0.5590496
0.26828596,0.5590496
0.34271964,0.5379617
0.1713174,0.48999158
0.26828596,0.5590496
0.26828596,0.5590496
0.26828596,0.5590496
0.26828596,0.5590496
0.26828596,0.5590496
0.26828596,0.5590496
0.26828596,0.5590496
0.1713174,0.48999158
0.26828596,0.5590496
0.26828596,0.5590496
0.26828596,0.5590496
0.26828596,0.5590496
0.26828596,0.5590496
0.26828596,0.5590496
0.26828596,0.5590496
0.1713174,0.48999158
0.27798235,0.5151825
0.36802226,0.38717198
0.27798235,0.5151825
0.36802226,0.38717198
0.27798235,0.5151825
0.36802226,0.38717198
0.27798235,0.5151825
0.18095028,0.45764884
0.26828596,0.5590496
0.26828596,0.5590496
0.26828596,0.5590496
0.26828596,0.5590496
0.26828596,0.5590496
0.26828596,0.5590496
0.26828596,0.5590496
0.1713174,0.48999158
0.13213009,0.48560944
0.13213009,0.48560944
0.13213009,0.48560944
0.10440926,0.48205888
0.13213009,0.48560944
0.10440926,0.48205888
0.13213009,0.48560944
0.10440926,0.48205888
0.26828596,0.5590496
0.26828596,0.5590496
0.26828596,0.5590496
0.26828596,0.5590496
0.26828596,0.5590496
0.26828596,0.5590496
0.26828596,0.5590496
0.26828596,0.5590496
0.26828596,0.5590496
0.26828596,0.5590496
0.26828596,0.5590496
0.16334641,0.52156484
0.26828596,0.5590496
0.26828596,0.5590496
0.26828596,0.5590496
0.26828596,0.5590496
0.24808231,0.52474546
0.31344214,0.51384324
0.24808231,0.52474546
0.18095028,0.45764884
0.26828596,0.5590496
0.26828596,0.5590496
0.26828596,0.5590496
0.26828596,0.5590496
0.26828596,0.5590496
0.26828596,0.5590496
0.26828596,0.5590496
0.26828596,0.5590496
0.26828596,0.5590496
0.18331662,0.74693626
0.18331662,0.74693626
0.13277322,0.6979415
0.26828596,0.5590496
0.26828596,0.5590496
0.26828596,0.5590496
0.16334641,0.52156484
0.16334641,0.52156484
0.16334641,0.52156484
0.26828596,0.5590496
0.27691418,0.49722
0.26828596,0.5590496
0.26828596,0.5590496
0.18331662,0.74693626
0.13277322,0.6979415
0.18331662,0.74693626
0.18331662,0.74693626
0.18331662,0.74693626
0.14904475,0.6525582
0.26828596,0.5590496
0.26828596,0.5590496
0.27691418,0.49722
0.27691418,0.49722
0.26828596,0.5590496
0.26828596,0.5590496
0.26828596,0.5590496
0.16334641,0.52156484
0.26828596,0.5590496
0.26828596,0.5590496
0.26828596,0.5590496
0.16334641,0.52156484
0.5889796,0.54447806
0.5889796,0.54447806
0.5889796,0.54447806
0.5889796,0.54447806
0.5889796,0.54447806
0.5889796,0.54447806
0.5889796,0.54447806
0.5889796,0.54447806
0.59518635,0.47678608
0.59518635,0.47678608
0.59518635,0.47678608
0.59518635,0.47678608
0.59518635,0.47678608
0.59518635,0.47678608
0.59518635,0.47678608
0.59518635,0.47678608
0.66686785,0.9162196
0.66686785,0.9162196
0.66686785,0.9162196
0.66686785,0.9162196
0.58862597,0.8047505
0.58862597,0.8047505
0.58862597,0.8047505
0.58862597,0.8047505
0.5700281,0.60145116
0.5484952,0.51923186
0.5700281,0.60145116
0.5484952,0.51923186
0.5700281,0.60145116
0.5484952,0.51923186
0.5666466,0.5937688
0.48074788,0.6543239
0.56348574,0.5724853
0.54389274,0.5288042
0.56348574,0.5724853
0.5563378,0.49965388
0.56348574,0.5724853
0.54389274,0.5288042
0.56348574,0.5724853
0.5563378,0.49965388
0.5700281,0.60145116
0.5366927,0.55920273
0.5700281,0.60145116
0.5366927,0.55920273
0.5700281,0.60145116
0.5366927,0.55920273
0.5700281,0.60145116
0.5366927,0.55920273
0.5700281,0.60145116
0.5484952,0.51923186
0.5700281,0.60145116
0.5484952,0.51923186
0.5700281,0.60145116
0.5484952,0.51923186
0.5700281,0.60145116
0.5484952,0.51923186
0.56348574,0.5724853
0.54389274,0.5288042
0.56348574,0.5724853
0.54389274,0.5288042
0.56348574,0.5724853
0.54389274,0.5288042
0.56348574,0.5724853
0.5563378,0.49965388
0.57164747,0.6123626
0.55118966,0.53458506
0.57164747,0.6123626
0.55118966,0.53458506
0.57164747,0.6123626
0.55118966,0.53458506
0.57164747,0.6123626
0.55118966,0.53458506
0.57164747,0.6123626
0.55118966,0.53458506
0.57164747,0.6123626
0.55118966,0.53458506
0.57164747,0.6123626
0.55118966,0.53458506
0.5700281,0.60145116
0.58359224,0.51862276
0.57164747,0.6123626
0.5649139,0.45837662
0.57164747,0.6123626
0.5649139,0.45837662
0.57164747,0.6123626
0.5649139,0.45837662
0.57164747,0.6123626
0.5649139,0.45837662
0.57164747,0.6123626
0.5649139,0.45837662
0.57164747,0.6123626
0.5312451,0.46054605
0.57164747,0.6123626
0.5312451,0.46054605
0.57164747,0.6123626
0.5312451,0.46054605
0.57164747,0.6123626
0.5312451,0.46054605
0.57164747,0.6123626
0.5312451,0.46054605
0.57164747,0.6123626
0.5312451,0.46054605
0.57164747,0.6123626
0.5312451,0.46054605
0.57164747,0.6123626
0.5312451,0.46054605
0.57164747,0.6123626
0.5312451,0.46054605
0.5700281,0.60145116
0.5700281,0.60145116
0.5700281,0.60145116
0.5366927,0.55920273
0.5700281,0.60145116
0.5700281,0.60145116
0.5700281,0.60145116
0.48074788,0.6543239
0.5069342,0.5550561
0.5982955,0.48089725
0.5069342,0.5550561
0.5982955,0.48089725
0.5069342,0.5550561
0.5982955,0.48089725
0.5069342,0.5550561
0.5982955,0.48089725
0.56143206,0.45707032
0.5983679,0.47035292
0.52499986,0.4864657
0.5912564,0.4786491
0.56143206,0.45707032
0.5983679,0.47035292
0.52499986,0.4864657
0.5912564,0.4786491
0.57164747,0.6123626
0.5666466,0.5937688
0.57164747,0.6123626
0.5666466,0.5937688
0.57164747,0.6123626
0.5666466,0.5937688
0.57164747,0.6123626
0.5666466,0.5937688
0.5700281,0.60145116
0.5700281,0.60145116
0.5700281,0.60145116
0.5700281,0.60145116
0.5700281,0.60145116
0.5700281,0.60145116
0.57164747,0.6123626
0.5666466,0.5937688
0.5726888,0.54608995
0.5842885,0.57849026
0.55492646,0.5621284
0.5581247,0.5783279
0.5726888,0.54608995
0.5842885,0.57849026
0.55492646,0.5621284
0.5581247,0.5783279
0.5838715,0.65706944
0.6097596,0.6702908
0.5838715,0.65706944
0.6097596,0.6702908
0.5838715,0.65706944
0.6097596,0.6702908
0.5838715,0.65706944
0.6097596,0.6702908
0.6119435,0.76458967
0.68236154,0.76246095
0.6119435,0.76458967
0.68236154,0.76246095
0.6119435,0.76458967
0.68236154,0.76246095
0.6119435,0.76458967
0.68236154,0.76246095
0.5726888,0.54608995
0.588118,0.43083772
0.5726888,0.54608995
0.588118,0.43083772
0.5726888,0.54608995
0.588118,0.43083772
0.5726888,0.54608995
0.588118,0.43083772
0.5726888,0.54608995
0.588118,0.43083772
0.5833651,0.5443394
0.53708243,0.4360596
0.5833651,0.5443394
0.53708243,0.4360596
0.5563444,0.5413519
0.5485889,0.46597692
0.5700281,0.60145116
0.5484952,0.51923186
0.5700281,0.60145116
0.5484952,0.51923186
0.5700281,0.60145116
0.5484952,0.51923186
0.5700281,0.60145116
0.5484952,0.51923186
0.5432514,0.54901326
0.5594324,0.43332282
0.5432514,0.54901326
0.5594324,0.43332282
0.5432514,0.54901326
0.5594324,0.43332282
0.5432514,0.54901326
0.5594324,0.43332282
0.6119435,0.76458967
0.6579378,0.76663625
0.6119435,0.76458967
0.6579378,0.76663625
0.6119435,0.76458967
0.6579378,0.76663625
0.6119435,0.76458967
0.5793093,0.71373945
0.7307091,0.532181
0.36804903,0.30472082
0.80840755,0.5960432
0.513785,0.42282337
0.5609245,0.38481435
0.6447626,0.16174556
0.50486255,0.41432202
0.49031937,0.6108124
0.7309763,0.6504252
0.6540144,0.53032446
0.44995582,0.3335211
0.38394433,0.36066252
0.45810217,0.2029814
0.17673826,0.3527345
0.8108777,0.46608117
0.51662594,0.69160086
0.54024357,0.2899348
0.47948122,0.32067835
0.48027533,0.37548307
0.671736,0.38768908
0.35528108,0.6580042
0.41532505,0.6869049
0.47879738,0.5639689
0.29352877,0.6326235
0.27628803,0.31688178
0.38513854,0.6629914
0.50898015,0.66922486
0.63205904,0.57301855
0.8562392,0.638587
0.3539011,0.62923586
0.30495557,0.5931896
0.7559447,0.4616766
0.26829502,0.6182272
0.4343139,0.64386404
0.42773414,0.5785557
0.28370744,0.6286199
0.3433339,0.64988875
0.4461376,0.46589637
0.4199127,0.49940288
0.2745447,0.6224303
0.35333452,0.54366267
0.32872212,0.623341
0.41922778,0.6315894
0.37516946,0.4995574
0.35610557,0.5017883
0.38246068,0.78904957
0.41100067,0.556597
0.32467636,0.6668087
0.34192228,0.674166
0.24464506,0.035818934
0.24464506,0.035818934
0.528236,0.7264416
0.54506683,0.73539084
0.5881734,0.7109396
0.5872362,0.699387
0.46309412,0.68671674
0.635887,0.76469874
0.498659,0.76212955
0.45075732,0.6585174
0.34752455,0.5999464
0.34752455,0.5999464
0.6181166,0.20717265
0.6181166,0.20717265
0.736973,0.646694
0.736973,0.646694
0.5831696,0.63780296
0.5831696,0.63780296
0.591748,0.72726744
0.58153,0.7337645
0.6065281,0.6890096
0.6065281,0.6890096
0.5999492,0.61549985
0.5999492,0.61549985
0.52451646,0.40570664
0.6141627,0.74230975
0.5958173,0.72750014
0.5958173,0.72750014
0.49396318,0.665392
0.62534237,0.56842124
0.78436255,0.5541006
0.78436255,0.5541006
0.58205056,0.7010169
0.5959917,0.713545
0.597714,0.66261196
0.597714,0.66261196
0.56026936,0.7942262
0.56026936,0.7942262
0.28370744,0.6286199
0.28370744,0.6286199
0.28468803,0.6034553
0.24072576,0.61145693
0.491426,0.5835856
0.6734228,0.5015438
0.5748449,0.27992716
0.3907985,0.11570324
0.6533037,0.42853224
0.6533037,0.42853224
0.6168138,0.3282217
0.6168138,0.3282217
0.26095176,0.6322777
0.26095176,0.6322777
0.34447402,0.48878857
0.3898493,0.613277
0.3384193,0.40815806
0.3384193,0.40815806
